Rank,Base,Staff ID,Bid Type,Str1,Flt. No.,Lifestyle Table,CP,FO,ALL
CP,BLR,CP_BLR_10180,LifestyleType,Nights At Home,,,,,
CP,BLR,CP_BLR_10291,LifestyleType,Commuter,,,,,
CP,BLR,CP_BLR_10513,PreferredNightstop,BKK,,,,,
CP,BLR,CP_BLR_10624,LifestyleType,Evening Person,,,,,
CP,BLR,CP_BLR_11038,LifestyleType,Evening Person,,,,,
CP,BLR,CP_BLR_11038,PreferredNightstop,JED,,,,,
CP,BLR,CP_BLR_13232,FlightNumber,UK,893,,,,
CP,BLR,CP_BLR_13232,LifestyleType,Evening Person,,,,,
CP,BLR,CP_BLR_13232,PreferredNightstop,BKK,,,,,
CP,BLR,CP_BLR_13650,FlightNumber,UK,893,,,,
CP,BLR,CP_BLR_13650,LifestyleType,Nights At Home,,,,,
CP,BLR,CP_BLR_13874,FlightNumber,UK,123,,,,
CP,BLR,CP_BLR_13874,LifestyleType,Nights At Home,,,,,
CP,BLR,CP_BLR_13875,LifestyleType,Nights At Home,,,,,
CP,BLR,CP_BLR_13956,FlightNumber,UK,816,,,,
CP,BLR,CP_BLR_13956,FlightNumber,UK,866,,,,
CP,BLR,CP_BLR_13956,LifestyleType,Commuter,,,,,
CP,BLR,CP_BLR_13956,PreferredNightstop,JED,,,,,
CP,BLR,CP_BLR_14462,FlightNumber,UK,123,,,,
CP,BLR,CP_BLR_14462,LifestyleType,Nights At Home,,,,,
CP,BLR,CP_BLR_14737,FlightNumber,UK,850,,,,
CP,BLR,CP_BLR_14737,LifestyleType,Evening Person,,,,,
CP,BLR,CP_BLR_14737,PreferredNightstop,BLR,,,,,
CP,BLR,CP_BLR_14745,LifestyleType,Evening Person,,,,,
CP,BLR,CP_BLR_14745,PreferredNightstop,BOM,,,,,
CP,BLR,CP_BLR_14957,LifestyleType,Nights At Home,,,,,
CP,BLR,CP_BLR_15068,FlightNumber,UK,820,,,,
CP,BLR,CP_BLR_15068,FlightNumber,UK,508,,,,
CP,BLR,CP_BLR_15068,LifestyleType,Evening Person,,,,,
CP,BLR,CP_BLR_15068,PreferredNightstop,BOM,,,,,
CP,BLR,CP_BLR_15271,LifestyleType,Commuter,,,,,
CP,BLR,CP_BLR_15271,PreferredNightstop,SIN,,,,,
CP,BLR,CP_BLR_15274,FlightNumber,UK,755,,,,
CP,BLR,CP_BLR_15274,LifestyleType,Nights At Home,,,,,
CP,BLR,CP_BLR_15274,PreferredNightstop,IXC,,,,,
CP,BLR,CP_BLR_15648,FlightNumber,UK,866,,,,
CP,BLR,CP_BLR_15648,LifestyleType,Commuter,,,,,
CP,DEL,CP_DEL_10136,FlightNumber,UK,121,,,,
CP,DEL,CP_DEL_10136,LifestyleType,Nights At Home,,,,,
CP,DEL,CP_DEL_10136,PreferredNightstop,BKK,,,,,
CP,DEL,CP_DEL_10224,LifestyleType,Nights At Home,,,,,
CP,DEL,CP_DEL_10546,FlightNumber,UK,643,,,,
CP,DEL,CP_DEL_10546,LifestyleType,Morning Person,,,,,
CP,DEL,CP_DEL_10549,LifestyleType,Evening Person,,,,,
CP,DEL,CP_DEL_10752,FlightNumber,UK,111,,,,
CP,DEL,CP_DEL_10752,FlightNumber,UK,121,,,,
CP,DEL,CP_DEL_10752,LifestyleType,Commuter,,,,,
CP,DEL,CP_DEL_10752,PreferredNightstop,MRU,,,,,
CP,DEL,CP_DEL_10755,LifestyleType,Morning Person,,,,,
CP,DEL,CP_DEL_10755,PreferredNightstop,BOM,,,,,
CP,DEL,CP_DEL_10757,FlightNumber,UK,111,,,,
CP,DEL,CP_DEL_10757,FlightNumber,UK,111,,,,
CP,DEL,CP_DEL_10757,LifestyleType,Nights At Home,,,,,
CP,DEL,CP_DEL_10757,PreferredNightstop,BLR,,,,,
CP,DEL,CP_DEL_10764,FlightNumber,UK,115,,,,
CP,DEL,CP_DEL_10764,LifestyleType,Commuter,,,,,
CP,DEL,CP_DEL_10764,PreferredNightstop,IXC,,,,,
CP,DEL,CP_DEL_10770,LifestyleType,Evening Person,,,,,
CP,DEL,CP_DEL_10873,LifestyleType,Nights At Home,,,,,
CP,DEL,CP_DEL_10873,PreferredNightstop,DEL,,,,,
CP,DEL,CP_DEL_10876,LifestyleType,Evening Person,,,,,
CP,DEL,CP_DEL_10881,LifestyleType,Nights At Home,,,,,
CP,DEL,CP_DEL_10881,PreferredNightstop,DEL,,,,,
CP,DEL,CP_DEL_10916,LifestyleType,Evening Person,,,,,
CP,DEL,CP_DEL_10995,FlightNumber,UK,112,,,,
CP,DEL,CP_DEL_10995,FlightNumber,UK,122,,,,
CP,DEL,CP_DEL_10995,FlightNumber,UK,122,,,,
CP,DEL,CP_DEL_10995,LifestyleType,Nights At Home,,,,,
CP,DEL,CP_DEL_10995,PreferredNightstop,SIN,,,,,
CP,DEL,CP_DEL_11035,FlightNumber,UK,121,,,,
CP,DEL,CP_DEL_11035,FlightNumber,UK,115,,,,
CP,DEL,CP_DEL_11035,FlightNumber,UK,121,,,,
CP,DEL,CP_DEL_11035,LifestyleType,Nights At Home,,,,,
CP,DEL,CP_DEL_11035,PreferredNightstop,DEL,,,,,
CP,DEL,CP_DEL_11036,LifestyleType,Morning Person,,,,,
CP,DEL,CP_DEL_11039,FlightNumber,UK,121,,,,
CP,DEL,CP_DEL_11039,FlightNumber,UK,115,,,,
CP,DEL,CP_DEL_11039,LifestyleType,Nights At Home,,,,,
CP,DEL,CP_DEL_11039,PreferredNightstop,BKK,,,,,
CP,DEL,CP_DEL_11040,LifestyleType,Evening Person,,,,,
CP,DEL,CP_DEL_11040,PreferredNightstop,SIN,,,,,
CP,DEL,CP_DEL_11068,LifestyleType,Commuter,,,,,
CP,DEL,CP_DEL_11068,PreferredNightstop,BLR,,,,,
CP,DEL,CP_DEL_11115,FlightNumber,UK,121,,,,
CP,DEL,CP_DEL_11115,FlightNumber,UK,111,,,,
CP,DEL,CP_DEL_11115,FlightNumber,UK,121,,,,
CP,DEL,CP_DEL_11115,LifestyleType,Commuter,,,,,
CP,DEL,CP_DEL_11115,PreferredNightstop,MAA,,,,,
CP,DEL,CP_DEL_11118,LifestyleType,Commuter,,,,,
CP,DEL,CP_DEL_11118,PreferredNightstop,BOM,,,,,
CP,DEL,CP_DEL_11119,LifestyleType,Commuter,,,,,
CP,DEL,CP_DEL_11123,FlightNumber,UK,125,,,,
CP,DEL,CP_DEL_11123,FlightNumber,UK,111,,,,
CP,DEL,CP_DEL_11123,LifestyleType,Commuter,,,,,
CP,DEL,CP_DEL_11123,PreferredNightstop,CCU,,,,,
CP,DEL,CP_DEL_11125,FlightNumber,UK,121,,,,
CP,DEL,CP_DEL_11125,LifestyleType,Nights At Home,,,,,
CP,DEL,CP_DEL_11125,PreferredNightstop,BOM,,,,,
CP,DEL,CP_DEL_11199,FlightNumber,UK,111,,,,
CP,DEL,CP_DEL_11199,LifestyleType,Nights At Home,,,,,
CP,DEL,CP_DEL_11199,PreferredNightstop,UDR,,,,,
CP,DEL,CP_DEL_11201,FlightNumber,UK,111,,,,
CP,DEL,CP_DEL_11201,FlightNumber,UK,111,,,,
CP,DEL,CP_DEL_11201,FlightNumber,UK,111,,,,
CP,DEL,CP_DEL_11201,LifestyleType,Nights At Home,,,,,
CP,DEL,CP_DEL_11201,PreferredNightstop,SIN,,,,,
CP,DEL,CP_DEL_11202,LifestyleType,Evening Person,,,,,
CP,DEL,CP_DEL_11206,FlightNumber,UK,111,,,,
CP,DEL,CP_DEL_11206,FlightNumber,UK,121,,,,
CP,DEL,CP_DEL_11206,LifestyleType,Nights At Home,,,,,
CP,DEL,CP_DEL_11206,PreferredNightstop,BOM,,,,,
CP,DEL,CP_DEL_11260,FlightNumber,UK,121,,,,
CP,DEL,CP_DEL_11260,FlightNumber,UK,121,,,,
CP,DEL,CP_DEL_11260,FlightNumber,UK,121,,,,
CP,DEL,CP_DEL_11260,LifestyleType,Commuter,,,,,
CP,DEL,CP_DEL_11260,PreferredNightstop,BOM,,,,,
CP,DEL,CP_DEL_11312,LifestyleType,Commuter,,,,,
CP,DEL,CP_DEL_11312,PreferredNightstop,SIN,,,,,
CP,DEL,CP_DEL_11324,FlightNumber,UK,121,,,,
CP,DEL,CP_DEL_11324,FlightNumber,UK,115,,,,
CP,DEL,CP_DEL_11324,FlightNumber,UK,121,,,,
CP,DEL,CP_DEL_11324,LifestyleType,Commuter,,,,,
CP,DEL,CP_DEL_11324,PreferredNightstop,BKK,,,,,
CP,DEL,CP_DEL_11334,FlightNumber,UK,115,,,,
CP,DEL,CP_DEL_11334,FlightNumber,UK,115,,,,
CP,DEL,CP_DEL_11334,FlightNumber,UK,111,,,,
CP,DEL,CP_DEL_11334,LifestyleType,Evening Person,,,,,
CP,DEL,CP_DEL_11334,PreferredNightstop,BOM,,,,,
CP,DEL,CP_DEL_11335,FlightNumber,UK,935,,,,
CP,DEL,CP_DEL_11335,FlightNumber,UK,115,,,,
CP,DEL,CP_DEL_11335,FlightNumber,UK,121,,,,
CP,DEL,CP_DEL_11335,LifestyleType,Commuter,,,,,
CP,DEL,CP_DEL_11335,PreferredNightstop,PNQ,,,,,
CP,DEL,CP_DEL_11338,LifestyleType,Morning Person,,,,,
CP,DEL,CP_DEL_11469,PreferredNightstop,BKK,,,,,
CP,DEL,CP_DEL_11472,LifestyleType,Nights At Home,,,,,
CP,DEL,CP_DEL_11474,LifestyleType,Nights At Home,,,,,
CP,DEL,CP_DEL_11610,FlightNumber,UK,121,,,,
CP,DEL,CP_DEL_11610,FlightNumber,UK,611,,,,
CP,DEL,CP_DEL_11610,LifestyleType,Evening Person,,,,,
CP,DEL,CP_DEL_11610,PreferredNightstop,BOM,,,,,
CP,DEL,CP_DEL_11611,FlightNumber,UK,121,,,,
CP,DEL,CP_DEL_11611,FlightNumber,UK,111,,,,
CP,DEL,CP_DEL_11611,LifestyleType,Evening Person,,,,,
CP,DEL,CP_DEL_11611,PreferredNightstop,SIN,,,,,
CP,DEL,CP_DEL_11622,FlightNumber,UK,995,,,,
CP,DEL,CP_DEL_11622,FlightNumber,UK,115,,,,
CP,DEL,CP_DEL_11622,FlightNumber,UK,971,,,,
CP,DEL,CP_DEL_11622,LifestyleType,Nights At Home,,,,,
CP,DEL,CP_DEL_11658,FlightNumber,UK,959,,,,
CP,DEL,CP_DEL_11658,FlightNumber,UK,975,,,,
CP,DEL,CP_DEL_11658,FlightNumber,UK,959,,,,
CP,DEL,CP_DEL_11658,PreferredNightstop,BOM,,,,,
CP,DEL,CP_DEL_11783,FlightNumber,UK,121,,,,
CP,DEL,CP_DEL_11783,LifestyleType,Commuter,,,,,
CP,DEL,CP_DEL_11783,PreferredNightstop,BOM,,,,,
CP,DEL,CP_DEL_11784,LifestyleType,Nights At Home,,,,,
CP,DEL,CP_DEL_11785,FlightNumber,UK,111,,,,
CP,DEL,CP_DEL_11785,FlightNumber,UK,111,,,,
CP,DEL,CP_DEL_11785,FlightNumber,UK,121,,,,
CP,DEL,CP_DEL_11785,LifestyleType,Evening Person,,,,,
CP,DEL,CP_DEL_11785,PreferredNightstop,BKK,,,,,
CP,DEL,CP_DEL_11787,FlightNumber,UK,747,,,,
CP,DEL,CP_DEL_11787,FlightNumber,UK,727,,,,
CP,DEL,CP_DEL_11787,LifestyleType,Commuter,,,,,
CP,DEL,CP_DEL_11787,PreferredNightstop,CCU,,,,,
CP,DEL,CP_DEL_11902,FlightNumber,UK,181,,,,
CP,DEL,CP_DEL_11902,FlightNumber,UK,121,,,,
CP,DEL,CP_DEL_11902,LifestyleType,Nights At Home,,,,,
CP,DEL,CP_DEL_11902,PreferredNightstop,HYD,,,,,
CP,DEL,CP_DEL_11942,FlightNumber,UK,111,,,,
CP,DEL,CP_DEL_11942,FlightNumber,UK,111,,,,
CP,DEL,CP_DEL_11942,LifestyleType,Evening Person,,,,,
CP,DEL,CP_DEL_11942,PreferredNightstop,PNQ,,,,,
CP,DEL,CP_DEL_11948,FlightNumber,UK,241,,,,
CP,DEL,CP_DEL_11948,FlightNumber,UK,115,,,,
CP,DEL,CP_DEL_11948,LifestyleType,Nights At Home,,,,,
CP,DEL,CP_DEL_11948,PreferredNightstop,DEL,,,,,
CP,DEL,CP_DEL_11953,FlightNumber,UK,935,,,,
CP,DEL,CP_DEL_11953,FlightNumber,UK,935,,,,
CP,DEL,CP_DEL_11953,FlightNumber,UK,935,,,,
CP,DEL,CP_DEL_11953,LifestyleType,Nights At Home,,,,,
CP,DEL,CP_DEL_11975,FlightNumber,UK,807,,,,
CP,DEL,CP_DEL_11975,FlightNumber,UK,807,,,,
CP,DEL,CP_DEL_11975,FlightNumber,UK,115,,,,
CP,DEL,CP_DEL_11975,LifestyleType,Commuter,,,,,
CP,DEL,CP_DEL_11975,PreferredNightstop,BLR,,,,,
CP,DEL,CP_DEL_11976,FlightNumber,UK,121,,,,
CP,DEL,CP_DEL_11976,FlightNumber,UK,835,,,,
CP,DEL,CP_DEL_11976,FlightNumber,UK,115,,,,
CP,DEL,CP_DEL_11976,LifestyleType,Commuter,,,,,
CP,DEL,CP_DEL_11976,PreferredNightstop,MAA,,,,,
CP,DEL,CP_DEL_11978,FlightNumber,UK,111,,,,
CP,DEL,CP_DEL_11978,LifestyleType,Nights At Home,,,,,
CP,DEL,CP_DEL_11982,LifestyleType,Evening Person,,,,,
CP,DEL,CP_DEL_11983,LifestyleType,Commuter,,,,,
CP,DEL,CP_DEL_11983,PreferredNightstop,HYD,,,,,
CP,DEL,CP_DEL_12051,FlightNumber,UK,115,,,,
CP,DEL,CP_DEL_12051,FlightNumber,UK,121,,,,
CP,DEL,CP_DEL_12051,LifestyleType,Morning Person,,,,,
CP,DEL,CP_DEL_12051,PreferredNightstop,DEL,,,,,
CP,DEL,CP_DEL_12052,FlightNumber,UK,121,,,,
CP,DEL,CP_DEL_12052,FlightNumber,UK,111,,,,
CP,DEL,CP_DEL_12052,FlightNumber,UK,115,,,,
CP,DEL,CP_DEL_12052,LifestyleType,Evening Person,,,,,
CP,DEL,CP_DEL_12052,PreferredNightstop,SIN,,,,,
CP,DEL,CP_DEL_12074,FlightNumber,UK,121,,,,
CP,DEL,CP_DEL_12074,LifestyleType,Nights At Home,,,,,
CP,DEL,CP_DEL_12143,LifestyleType,Nights At Home,,,,,
CP,DEL,CP_DEL_12143,PreferredNightstop,BKK,,,,,
CP,DEL,CP_DEL_12148,FlightNumber,UK,121,,,,
CP,DEL,CP_DEL_12148,FlightNumber,UK,115,,,,
CP,DEL,CP_DEL_12148,FlightNumber,UK,115,,,,
CP,DEL,CP_DEL_12148,LifestyleType,Evening Person,,,,,
CP,DEL,CP_DEL_12148,PreferredNightstop,BOM,,,,,
CP,DEL,CP_DEL_12155,FlightNumber,UK,121,,,,
CP,DEL,CP_DEL_12155,FlightNumber,UK,111,,,,
CP,DEL,CP_DEL_12155,LifestyleType,Nights At Home,,,,,
CP,DEL,CP_DEL_12155,PreferredNightstop,CCU,,,,,
CP,DEL,CP_DEL_12191,LifestyleType,Nights At Home,,,,,
CP,DEL,CP_DEL_12191,PreferredNightstop,BKK,,,,,
CP,DEL,CP_DEL_12219,FlightNumber,UK,121,,,,
CP,DEL,CP_DEL_12219,FlightNumber,UK,115,,,,
CP,DEL,CP_DEL_12219,FlightNumber,UK,121,,,,
CP,DEL,CP_DEL_12219,LifestyleType,Nights At Home,,,,,
CP,DEL,CP_DEL_12224,FlightNumber,UK,935,,,,
CP,DEL,CP_DEL_12224,FlightNumber,UK,943,,,,
CP,DEL,CP_DEL_12224,LifestyleType,Commuter,,,,,
CP,DEL,CP_DEL_12224,PreferredNightstop,MRU,,,,,
CP,DEL,CP_DEL_12292,LifestyleType,Nights At Home,,,,,
CP,DEL,CP_DEL_12294,LifestyleType,Commuter,,,,,
CP,DEL,CP_DEL_12356,FlightNumber,UK,840,,,,
CP,DEL,CP_DEL_12356,FlightNumber,UK,957,,,,
CP,DEL,CP_DEL_12356,FlightNumber,UK,957,,,,
CP,DEL,CP_DEL_12356,LifestyleType,Nights At Home,,,,,
CP,DEL,CP_DEL_12359,LifestyleType,Nights At Home,,,,,
CP,DEL,CP_DEL_12360,FlightNumber,UK,111,,,,
CP,DEL,CP_DEL_12360,FlightNumber,UK,121,,,,
CP,DEL,CP_DEL_12360,FlightNumber,UK,111,,,,
CP,DEL,CP_DEL_12360,LifestyleType,Commuter,,,,,
CP,DEL,CP_DEL_12360,PreferredNightstop,BOM,,,,,
CP,DEL,CP_DEL_12363,LifestyleType,Evening Person,,,,,
CP,DEL,CP_DEL_12504,FlightNumber,UK,885,,,,
CP,DEL,CP_DEL_12504,FlightNumber,UK,885,,,,
CP,DEL,CP_DEL_12504,FlightNumber,UK,885,,,,
CP,DEL,CP_DEL_12504,LifestyleType,Nights At Home,,,,,
CP,DEL,CP_DEL_12513,FlightNumber,UK,935,,,,
CP,DEL,CP_DEL_12513,FlightNumber,UK,121,,,,
CP,DEL,CP_DEL_12513,LifestyleType,Evening Person,,,,,
CP,DEL,CP_DEL_12513,PreferredNightstop,SIN,,,,,
CP,DEL,CP_DEL_12731,LifestyleType,Nights At Home,,,,,
CP,DEL,CP_DEL_12842,FlightNumber,UK,121,,,,
CP,DEL,CP_DEL_12842,FlightNumber,UK,115,,,,
CP,DEL,CP_DEL_12842,LifestyleType,Nights At Home,,,,,
CP,DEL,CP_DEL_12842,PreferredNightstop,BKK,,,,,
CP,DEL,CP_DEL_12843,FlightNumber,UK,776,,,,
CP,DEL,CP_DEL_12843,FlightNumber,UK,879,,,,
CP,DEL,CP_DEL_12843,FlightNumber,UK,875,,,,
CP,DEL,CP_DEL_12843,LifestyleType,Evening Person,,,,,
CP,DEL,CP_DEL_12843,PreferredNightstop,BOM,,,,,
CP,DEL,CP_DEL_12940,LifestyleType,Nights At Home,,,,,
CP,DEL,CP_DEL_12952,FlightNumber,UK,181,,,,
CP,DEL,CP_DEL_12952,FlightNumber,UK,533,,,,
CP,DEL,CP_DEL_12952,FlightNumber,UK,115,,,,
CP,DEL,CP_DEL_12952,LifestyleType,Nights At Home,,,,,
CP,DEL,CP_DEL_12952,PreferredNightstop,SIN,,,,,
CP,DEL,CP_DEL_13052,FlightNumber,UK,111,,,,
CP,DEL,CP_DEL_13052,FlightNumber,UK,827,,,,
CP,DEL,CP_DEL_13052,FlightNumber,UK,871,,,,
CP,DEL,CP_DEL_13052,LifestyleType,Evening Person,,,,,
CP,DEL,CP_DEL_13052,PreferredNightstop,BLR,,,,,
CP,DEL,CP_DEL_13053,LifestyleType,Evening Person,,,,,
CP,DEL,CP_DEL_13053,PreferredNightstop,BOM,,,,,
CP,DEL,CP_DEL_13058,FlightNumber,UK,973,,,,
CP,DEL,CP_DEL_13058,FlightNumber,UK,564,,,,
CP,DEL,CP_DEL_13058,FlightNumber,UK,111,,,,
CP,DEL,CP_DEL_13058,LifestyleType,Evening Person,,,,,
CP,DEL,CP_DEL_13058,PreferredNightstop,BKK,,,,,
CP,DEL,CP_DEL_13224,FlightNumber,UK,121,,,,
CP,DEL,CP_DEL_13224,FlightNumber,UK,115,,,,
CP,DEL,CP_DEL_13224,LifestyleType,Nights At Home,,,,,
CP,DEL,CP_DEL_13224,PreferredNightstop,SIN,,,,,
CP,DEL,CP_DEL_13233,FlightNumber,UK,121,,,,
CP,DEL,CP_DEL_13233,FlightNumber,UK,121,,,,
CP,DEL,CP_DEL_13233,FlightNumber,UK,121,,,,
CP,DEL,CP_DEL_13233,LifestyleType,Evening Person,,,,,
CP,DEL,CP_DEL_13233,PreferredNightstop,BKK,,,,,
CP,DEL,CP_DEL_13295,LifestyleType,Evening Person,,,,,
CP,DEL,CP_DEL_13298,FlightNumber,UK,121,,,,
CP,DEL,CP_DEL_13298,LifestyleType,Morning Person,,,,,
CP,DEL,CP_DEL_13298,PreferredNightstop,BOM,,,,,
CP,DEL,CP_DEL_13302,FlightNumber,UK,115,,,,
CP,DEL,CP_DEL_13302,LifestyleType,Evening Person,,,,,
CP,DEL,CP_DEL_13302,PreferredNightstop,SIN,,,,,
CP,DEL,CP_DEL_13303,LifestyleType,Nights At Home,,,,,
CP,DEL,CP_DEL_13306,LifestyleType,Nights At Home,,,,,
CP,DEL,CP_DEL_13306,PreferredNightstop,DEL,,,,,
CP,DEL,CP_DEL_13307,FlightNumber,UK,115,,,,
CP,DEL,CP_DEL_13307,LifestyleType,Evening Person,,,,,
CP,DEL,CP_DEL_13309,FlightNumber,UK,115,,,,
CP,DEL,CP_DEL_13309,FlightNumber,UK,241,,,,
CP,DEL,CP_DEL_13309,LifestyleType,Nights At Home,,,,,
CP,DEL,CP_DEL_13309,PreferredNightstop,BOM,,,,,
CP,DEL,CP_DEL_13440,FlightNumber,UK,115,,,,
CP,DEL,CP_DEL_13440,LifestyleType,Commuter,,,,,
CP,DEL,CP_DEL_13440,PreferredNightstop,CCU,,,,,
CP,DEL,CP_DEL_13488,FlightNumber,UK,111,,,,
CP,DEL,CP_DEL_13488,FlightNumber,UK,111,,,,
CP,DEL,CP_DEL_13488,FlightNumber,UK,111,,,,
CP,DEL,CP_DEL_13488,LifestyleType,Evening Person,,,,,
CP,DEL,CP_DEL_13488,PreferredNightstop,SIN,,,,,
CP,DEL,CP_DEL_13490,FlightNumber,UK,121,,,,
CP,DEL,CP_DEL_13490,FlightNumber,UK,871,,,,
CP,DEL,CP_DEL_13490,LifestyleType,Commuter,,,,,
CP,DEL,CP_DEL_13490,PreferredNightstop,BOM,,,,,
CP,DEL,CP_DEL_13492,FlightNumber,UK,121,,,,
CP,DEL,CP_DEL_13492,LifestyleType,Nights At Home,,,,,
CP,DEL,CP_DEL_13493,LifestyleType,Evening Person,,,,,
CP,DEL,CP_DEL_13493,PreferredNightstop,MRU,,,,,
CP,DEL,CP_DEL_13494,FlightNumber,UK,115,,,,
CP,DEL,CP_DEL_13494,LifestyleType,Nights At Home,,,,,
CP,DEL,CP_DEL_13495,LifestyleType,Nights At Home,,,,,
CP,DEL,CP_DEL_13495,PreferredNightstop,DEL,,,,,
CP,DEL,CP_DEL_13550,LifestyleType,Nights At Home,,,,,
CP,DEL,CP_DEL_13550,PreferredNightstop,SIN,,,,,
CP,DEL,CP_DEL_13553,FlightNumber,UK,111,,,,
CP,DEL,CP_DEL_13553,FlightNumber,UK,121,,,,
CP,DEL,CP_DEL_13553,LifestyleType,Evening Person,,,,,
CP,DEL,CP_DEL_13646,FlightNumber,UK,111,,,,
CP,DEL,CP_DEL_13646,FlightNumber,UK,121,,,,
CP,DEL,CP_DEL_13646,LifestyleType,Nights At Home,,,,,
CP,DEL,CP_DEL_13646,PreferredNightstop,SIN,,,,,
CP,DEL,CP_DEL_13649,LifestyleType,Morning Person,,,,,
CP,DEL,CP_DEL_13652,LifestyleType,Nights At Home,,,,,
CP,DEL,CP_DEL_13652,PreferredNightstop,DEL,,,,,
CP,DEL,CP_DEL_13719,FlightNumber,UK,933,,,,
CP,DEL,CP_DEL_13719,FlightNumber,UK,879,,,,
CP,DEL,CP_DEL_13719,FlightNumber,UK,957,,,,
CP,DEL,CP_DEL_13719,LifestyleType,Commuter,,,,,
CP,DEL,CP_DEL_13719,PreferredNightstop,BOM,,,,,
CP,DEL,CP_DEL_13723,LifestyleType,Evening Person,,,,,
CP,DEL,CP_DEL_13723,PreferredNightstop,DEL,,,,,
CP,DEL,CP_DEL_13724,LifestyleType,Nights At Home,,,,,
CP,DEL,CP_DEL_13726,LifestyleType,Nights At Home,,,,,
CP,DEL,CP_DEL_13726,PreferredNightstop,SIN,,,,,
CP,DEL,CP_DEL_13728,FlightNumber,UK,121,,,,
CP,DEL,CP_DEL_13728,FlightNumber,UK,111,,,,
CP,DEL,CP_DEL_13728,LifestyleType,Nights At Home,,,,,
CP,DEL,CP_DEL_13728,PreferredNightstop,SIN,,,,,
CP,DEL,CP_DEL_13732,LifestyleType,Nights At Home,,,,,
CP,DEL,CP_DEL_13732,PreferredNightstop,BKK,,,,,
CP,DEL,CP_DEL_13733,FlightNumber,UK,115,,,,
CP,DEL,CP_DEL_13733,LifestyleType,Nights At Home,,,,,
CP,DEL,CP_DEL_13733,PreferredNightstop,SIN,,,,,
CP,DEL,CP_DEL_13796,FlightNumber,UK,935,,,,
CP,DEL,CP_DEL_13796,LifestyleType,Nights At Home,,,,,
CP,DEL,CP_DEL_13796,PreferredNightstop,SIN,,,,,
CP,DEL,CP_DEL_13797,LifestyleType,Nights At Home,,,,,
CP,DEL,CP_DEL_13798,FlightNumber,UK,111,,,,
CP,DEL,CP_DEL_13798,FlightNumber,UK,121,,,,
CP,DEL,CP_DEL_13798,FlightNumber,UK,115,,,,
CP,DEL,CP_DEL_13798,LifestyleType,Nights At Home,,,,,
CP,DEL,CP_DEL_13798,PreferredNightstop,DEL,,,,,
CP,DEL,CP_DEL_13799,LifestyleType,Nights At Home,,,,,
CP,DEL,CP_DEL_13799,PreferredNightstop,SIN,,,,,
CP,DEL,CP_DEL_13800,FlightNumber,UK,116,,,,
CP,DEL,CP_DEL_13800,FlightNumber,UK,121,,,,
CP,DEL,CP_DEL_13800,LifestyleType,Nights At Home,,,,,
CP,DEL,CP_DEL_13800,PreferredNightstop,BKK,,,,,
CP,DEL,CP_DEL_13801,FlightNumber,UK,883,,,,
CP,DEL,CP_DEL_13801,LifestyleType,Nights At Home,,,,,
CP,DEL,CP_DEL_13801,PreferredNightstop,CCU,,,,,
CP,DEL,CP_DEL_13876,FlightNumber,UK,115,,,,
CP,DEL,CP_DEL_13876,LifestyleType,Nights At Home,,,,,
CP,DEL,CP_DEL_13876,PreferredNightstop,SIN,,,,,
CP,DEL,CP_DEL_13877,LifestyleType,Nights At Home,,,,,
CP,DEL,CP_DEL_13877,PreferredNightstop,DEL,,,,,
CP,DEL,CP_DEL_13879,FlightNumber,UK,111,,,,
CP,DEL,CP_DEL_13879,LifestyleType,Commuter,,,,,
CP,DEL,CP_DEL_13879,PreferredNightstop,BLR,,,,,
CP,DEL,CP_DEL_13881,LifestyleType,Nights At Home,,,,,
CP,DEL,CP_DEL_13881,PreferredNightstop,DEL,,,,,
CP,DEL,CP_DEL_13883,FlightNumber,UK,111,,,,
CP,DEL,CP_DEL_13883,LifestyleType,Nights At Home,,,,,
CP,DEL,CP_DEL_13883,PreferredNightstop,BKK,,,,,
CP,DEL,CP_DEL_13885,LifestyleType,Morning Person,,,,,
CP,DEL,CP_DEL_13887,FlightNumber,UK,111,,,,
CP,DEL,CP_DEL_13887,LifestyleType,Nights At Home,,,,,
CP,DEL,CP_DEL_13924,FlightNumber,UK,121,,,,
CP,DEL,CP_DEL_13924,FlightNumber,UK,115,,,,
CP,DEL,CP_DEL_13924,FlightNumber,UK,111,,,,
CP,DEL,CP_DEL_13924,LifestyleType,Nights At Home,,,,,
CP,DEL,CP_DEL_13930,LifestyleType,Nights At Home,,,,,
CP,DEL,CP_DEL_13930,PreferredNightstop,SIN,,,,,
CP,DEL,CP_DEL_13931,FlightNumber,UK,115,,,,
CP,DEL,CP_DEL_13931,LifestyleType,Nights At Home,,,,,
CP,DEL,CP_DEL_13931,PreferredNightstop,PNQ,,,,,
CP,DEL,CP_DEL_13932,FlightNumber,UK,941,,,,
CP,DEL,CP_DEL_13932,FlightNumber,UK,837,,,,
CP,DEL,CP_DEL_13932,LifestyleType,Evening Person,,,,,
CP,DEL,CP_DEL_13932,PreferredNightstop,MAA,,,,,
CP,DEL,CP_DEL_13938,LifestyleType,Evening Person,,,,,
CP,DEL,CP_DEL_13939,FlightNumber,UK,115,,,,
CP,DEL,CP_DEL_13939,FlightNumber,UK,115,,,,
CP,DEL,CP_DEL_13939,FlightNumber,UK,121,,,,
CP,DEL,CP_DEL_13939,LifestyleType,Evening Person,,,,,
CP,DEL,CP_DEL_13939,PreferredNightstop,SIN,,,,,
CP,DEL,CP_DEL_13940,FlightNumber,UK,111,,,,
CP,DEL,CP_DEL_13940,FlightNumber,UK,111,,,,
CP,DEL,CP_DEL_13940,LifestyleType,Commuter,,,,,
CP,DEL,CP_DEL_13940,PreferredNightstop,SIN,,,,,
CP,DEL,CP_DEL_13941,FlightNumber,UK,121,,,,
CP,DEL,CP_DEL_13941,FlightNumber,UK,121,,,,
CP,DEL,CP_DEL_13941,FlightNumber,UK,111,,,,
CP,DEL,CP_DEL_13941,LifestyleType,Nights At Home,,,,,
CP,DEL,CP_DEL_13943,LifestyleType,Nights At Home,,,,,
CP,DEL,CP_DEL_13944,LifestyleType,Nights At Home,,,,,
CP,DEL,CP_DEL_13946,FlightNumber,UK,935,,,,
CP,DEL,CP_DEL_13946,LifestyleType,Nights At Home,,,,,
CP,DEL,CP_DEL_13947,LifestyleType,Evening Person,,,,,
CP,DEL,CP_DEL_13947,PreferredNightstop,SIN,,,,,
CP,DEL,CP_DEL_13948,LifestyleType,Evening Person,,,,,
CP,DEL,CP_DEL_13949,LifestyleType,Evening Person,,,,,
CP,DEL,CP_DEL_13950,FlightNumber,UK,115,,,,
CP,DEL,CP_DEL_13950,FlightNumber,UK,121,,,,
CP,DEL,CP_DEL_13950,LifestyleType,Nights At Home,,,,,
CP,DEL,CP_DEL_13958,LifestyleType,Nights At Home,,,,,
CP,DEL,CP_DEL_13970,FlightNumber,UK,233,,,,
CP,DEL,CP_DEL_13970,LifestyleType,Commuter,,,,,
CP,DEL,CP_DEL_13970,PreferredNightstop,BOM,,,,,
CP,DEL,CP_DEL_14194,LifestyleType,Evening Person,,,,,
CP,DEL,CP_DEL_14195,FlightNumber,UK,935,,,,
CP,DEL,CP_DEL_14195,FlightNumber,UK,115,,,,
CP,DEL,CP_DEL_14195,FlightNumber,UK,121,,,,
CP,DEL,CP_DEL_14195,LifestyleType,Evening Person,,,,,
CP,DEL,CP_DEL_14198,FlightNumber,UK,121,,,,
CP,DEL,CP_DEL_14198,LifestyleType,Nights At Home,,,,,
CP,DEL,CP_DEL_14446,FlightNumber,UK,121,,,,
CP,DEL,CP_DEL_14446,FlightNumber,UK,122,,,,
CP,DEL,CP_DEL_14446,FlightNumber,UK,122,,,,
CP,DEL,CP_DEL_14446,LifestyleType,Nights At Home,,,,,
CP,DEL,CP_DEL_14447,FlightNumber,UK,122,,,,
CP,DEL,CP_DEL_14447,FlightNumber,UK,122,,,,
CP,DEL,CP_DEL_14447,LifestyleType,Nights At Home,,,,,
CP,DEL,CP_DEL_14463,LifestyleType,Nights At Home,,,,,
CP,DEL,CP_DEL_14464,FlightNumber,UK,115,,,,
CP,DEL,CP_DEL_14464,FlightNumber,UK,121,,,,
CP,DEL,CP_DEL_14464,LifestyleType,Nights At Home,,,,,
CP,DEL,CP_DEL_14464,PreferredNightstop,BLR,,,,,
CP,DEL,CP_DEL_14465,FlightNumber,UK,115,,,,
CP,DEL,CP_DEL_14465,FlightNumber,UK,115,,,,
CP,DEL,CP_DEL_14465,FlightNumber,UK,121,,,,
CP,DEL,CP_DEL_14465,LifestyleType,Nights At Home,,,,,
CP,DEL,CP_DEL_14465,PreferredNightstop,BKK,,,,,
CP,DEL,CP_DEL_14466,FlightNumber,UK,115,,,,
CP,DEL,CP_DEL_14466,LifestyleType,Evening Person,,,,,
CP,DEL,CP_DEL_14466,PreferredNightstop,SIN,,,,,
CP,DEL,CP_DEL_14467,LifestyleType,Nights At Home,,,,,
CP,DEL,CP_DEL_14467,PreferredNightstop,DEL,,,,,
CP,DEL,CP_DEL_14468,LifestyleType,Evening Person,,,,,
CP,DEL,CP_DEL_14468,PreferredNightstop,DEL,,,,,
CP,DEL,CP_DEL_14469,LifestyleType,Nights At Home,,,,,
CP,DEL,CP_DEL_14471,FlightNumber,UK,111,,,,
CP,DEL,CP_DEL_14471,FlightNumber,UK,111,,,,
CP,DEL,CP_DEL_14471,FlightNumber,UK,111,,,,
CP,DEL,CP_DEL_14471,LifestyleType,Nights At Home,,,,,
CP,DEL,CP_DEL_14471,PreferredNightstop,SIN,,,,,
CP,DEL,CP_DEL_14477,FlightNumber,UK,111,,,,
CP,DEL,CP_DEL_14477,FlightNumber,UK,121,,,,
CP,DEL,CP_DEL_14477,FlightNumber,UK,111,,,,
CP,DEL,CP_DEL_14477,LifestyleType,Nights At Home,,,,,
CP,DEL,CP_DEL_14477,PreferredNightstop,MRU,,,,,
CP,DEL,CP_DEL_14651,FlightNumber,UK,115,,,,
CP,DEL,CP_DEL_14651,FlightNumber,UK,111,,,,
CP,DEL,CP_DEL_14651,FlightNumber,UK,115,,,,
CP,DEL,CP_DEL_14651,LifestyleType,Nights At Home,,,,,
CP,DEL,CP_DEL_14651,PreferredNightstop,PNQ,,,,,
CP,DEL,CP_DEL_14652,FlightNumber,UK,121,,,,
CP,DEL,CP_DEL_14652,FlightNumber,UK,741,,,,
CP,DEL,CP_DEL_14652,FlightNumber,UK,741,,,,
CP,DEL,CP_DEL_14652,LifestyleType,Evening Person,,,,,
CP,DEL,CP_DEL_14653,LifestyleType,Nights At Home,,,,,
CP,DEL,CP_DEL_14655,FlightNumber,UK,121,,,,
CP,DEL,CP_DEL_14655,FlightNumber,UK,121,,,,
CP,DEL,CP_DEL_14655,FlightNumber,UK,121,,,,
CP,DEL,CP_DEL_14655,LifestyleType,Evening Person,,,,,
CP,DEL,CP_DEL_14655,PreferredNightstop,UDR,,,,,
CP,DEL,CP_DEL_14741,LifestyleType,Morning Person,,,,,
CP,DEL,CP_DEL_14748,LifestyleType,Evening Person,,,,,
CP,DEL,CP_DEL_14748,PreferredNightstop,SIN,,,,,
CP,DEL,CP_DEL_14826,FlightNumber,UK,935,,,,
CP,DEL,CP_DEL_14826,FlightNumber,UK,121,,,,
CP,DEL,CP_DEL_14826,LifestyleType,Nights At Home,,,,,
CP,DEL,CP_DEL_14826,PreferredNightstop,DEL,,,,,
CP,DEL,CP_DEL_14827,FlightNumber,UK,121,,,,
CP,DEL,CP_DEL_14827,FlightNumber,UK,935,,,,
CP,DEL,CP_DEL_14827,LifestyleType,Nights At Home,,,,,
CP,DEL,CP_DEL_14827,PreferredNightstop,SIN,,,,,
CP,DEL,CP_DEL_14828,LifestyleType,Evening Person,,,,,
CP,DEL,CP_DEL_15066,FlightNumber,UK,121,,,,
CP,DEL,CP_DEL_15066,FlightNumber,UK,935,,,,
CP,DEL,CP_DEL_15066,FlightNumber,UK,935,,,,
CP,DEL,CP_DEL_15066,LifestyleType,Evening Person,,,,,
CP,DEL,CP_DEL_15272,FlightNumber,UK,115,,,,
CP,DEL,CP_DEL_15272,LifestyleType,Commuter,,,,,
CP,DEL,CP_DEL_15272,PreferredNightstop,SIN,,,,,
CP,DEL,CP_DEL_15273,FlightNumber,UK,115,,,,
CP,DEL,CP_DEL_15273,LifestyleType,Commuter,,,,,
CP,DEL,CP_DEL_15273,PreferredNightstop,SIN,,,,,
CP,DEL,CP_DEL_15519,LifestyleType,Evening Person,,,,,
CP,DEL,CP_DEL_15519,PreferredNightstop,IXC,,,,,
CP,DEL,CP_DEL_15520,LifestyleType,Nights At Home,,,,,
CP,DEL,CP_DEL_15520,PreferredNightstop,BKK,,,,,
CP,DEL,CP_DEL_15522,FlightNumber,UK,111,,,,
CP,DEL,CP_DEL_15522,FlightNumber,UK,111,,,,
CP,DEL,CP_DEL_15522,LifestyleType,Evening Person,,,,,
CP,DEL,CP_DEL_15522,PreferredNightstop,BOM,,,,,
CP,DEL,CP_DEL_15645,FlightNumber,UK,121,,,,
CP,DEL,CP_DEL_15645,FlightNumber,UK,115,,,,
CP,DEL,CP_DEL_15645,LifestyleType,Nights At Home,,,,,
CP,DEL,CP_DEL_15649,LifestyleType,Nights At Home,,,,,
CP,DEL,CP_DEL_15846,FlightNumber,UK,121,,,,
CP,DEL,CP_DEL_15846,FlightNumber,UK,111,,,,
CP,DEL,CP_DEL_15846,LifestyleType,Nights At Home,,,,,
CP,DEL,CP_DEL_15847,LifestyleType,Nights At Home,,,,,
CP,DEL,CP_DEL_16040,FlightNumber,UK,111,,,,
CP,DEL,CP_DEL_16040,LifestyleType,Nights At Home,,,,,
CP,DEL,CP_DEL_16040,PreferredNightstop,DEL,,,,,
CP,DEL,CP_DEL_16041,FlightNumber,UK,935,,,,
CP,DEL,CP_DEL_16041,FlightNumber,UK,935,,,,
CP,DEL,CP_DEL_16041,FlightNumber,UK,121,,,,
CP,DEL,CP_DEL_16041,LifestyleType,Evening Person,,,,,
CP,DEL,CP_DEL_16041,PreferredNightstop,BOM,,,,,
CP,DEL,CP_DEL_16042,LifestyleType,Nights At Home,,,,,
CP,DEL,CP_DEL_16042,PreferredNightstop,JAI,,,,,
CP,DEL,CP_DEL_16185,FlightNumber,UK,121,,,,
CP,DEL,CP_DEL_16185,FlightNumber,UK,115,,,,
CP,DEL,CP_DEL_16185,LifestyleType,Nights At Home,,,,,
CP,DEL,CP_DEL_16185,PreferredNightstop,SIN,,,,,
CP,DEL,CP_DEL_17358,LifestyleType,Commuter,,,,,
CP,DEL,CP_DEL_17359,LifestyleType,Evening Person,,,,,
CP,DEL,CP_DEL_17359,PreferredNightstop,SIN,,,,,
CP,DEL,CP_DEL_17360,FlightNumber,UK,115,,,,
CP,DEL,CP_DEL_17360,FlightNumber,UK,115,,,,
CP,DEL,CP_DEL_17360,FlightNumber,UK,121,,,,
CP,DEL,CP_DEL_17360,LifestyleType,Commuter,,,,,
CP,DEL,CP_DEL_17360,PreferredNightstop,BOM,,,,,
CP,DEL,CP_DEL_17363,LifestyleType,Nights At Home,,,,,
CP,DEL,CP_DEL_17501,FlightNumber,UK,115,,,,
CP,DEL,CP_DEL_17501,FlightNumber,UK,121,,,,
CP,DEL,CP_DEL_17501,LifestyleType,Commuter,,,,,
CP,DEL,CP_DEL_17503,FlightNumber,UK,121,,,,
CP,DEL,CP_DEL_17503,FlightNumber,UK,975,,,,
CP,DEL,CP_DEL_17503,FlightNumber,UK,935,,,,
CP,DEL,CP_DEL_17503,LifestyleType,Commuter,,,,,
CP,DEL,CP_DEL_17503,PreferredNightstop,BOM,,,,,
CP,DEL,CP_DEL_17520,FlightNumber,UK,115,,,,
CP,DEL,CP_DEL_17520,FlightNumber,UK,115,,,,
CP,DEL,CP_DEL_17520,LifestyleType,Nights At Home,,,,,
CP,DEL,CP_DEL_17709,LifestyleType,Commuter,,,,,
CP,DEL,CP_DEL_17709,PreferredNightstop,HYD,,,,,
CP,DEL,CP_DEL_17723,FlightNumber,UK,809,,,,
CP,DEL,CP_DEL_17723,FlightNumber,UK,809,,,,
CP,DEL,CP_DEL_17723,LifestyleType,Commuter,,,,,
CP,DEL,CP_DEL_17723,PreferredNightstop,BLR,,,,,
CP,DEL,CP_DEL_17730,LifestyleType,Nights At Home,,,,,
CP,DEL,CP_DEL_17889,LifestyleType,Nights At Home,,,,,
CP,DEL,CP_DEL_17890,FlightNumber,UK,111,,,,
CP,DEL,CP_DEL_17890,LifestyleType,Morning Person,,,,,
CP,DEL,CP_DEL_17890,PreferredNightstop,SIN,,,,,
CP,DEL,CP_DEL_17891,LifestyleType,Evening Person,,,,,
CP,DEL,CP_DEL_17893,FlightNumber,UK,115,,,,
CP,DEL,CP_DEL_17893,FlightNumber,UK,121,,,,
CP,DEL,CP_DEL_17893,FlightNumber,UK,121,,,,
CP,DEL,CP_DEL_17893,LifestyleType,Nights At Home,,,,,
CP,DEL,CP_DEL_17893,PreferredNightstop,SIN,,,,,
CP,DEL,CP_DEL_17896,FlightNumber,UK,111,,,,
CP,DEL,CP_DEL_17896,FlightNumber,UK,121,,,,
CP,DEL,CP_DEL_17896,LifestyleType,Nights At Home,,,,,
CP,DEL,CP_DEL_17899,LifestyleType,Nights At Home,,,,,
CP,DEL,CP_DEL_17900,FlightNumber,UK,111,,,,
CP,DEL,CP_DEL_17900,FlightNumber,UK,121,,,,
CP,DEL,CP_DEL_17900,LifestyleType,Nights At Home,,,,,
CP,DEL,CP_DEL_17901,LifestyleType,Commuter,,,,,
CP,DEL,CP_DEL_17901,PreferredNightstop,BKK,,,,,
CP,DEL,CP_DEL_17902,LifestyleType,Nights At Home,,,,,
CP,DEL,CP_DEL_17902,PreferredNightstop,DEL,,,,,
CP,DEL,CP_DEL_18020,FlightNumber,UK,121,,,,
CP,DEL,CP_DEL_18020,LifestyleType,Nights At Home,,,,,
CP,DEL,CP_DEL_18020,PreferredNightstop,UDR,,,,,
CP,DEL,CP_DEL_18021,LifestyleType,Commuter,,,,,
CP,DEL,CP_DEL_18021,PreferredNightstop,MAA,,,,,
CP,DEL,CP_DEL_18031,FlightNumber,UK,122,,,,
CP,DEL,CP_DEL_18031,FlightNumber,UK,122,,,,
CP,DEL,CP_DEL_18031,FlightNumber,UK,122,,,,
CP,DEL,CP_DEL_18031,LifestyleType,Nights At Home,,,,,
CP,DEL,CP_DEL_18031,PreferredNightstop,JED,,,,,
CP,DEL,CP_DEL_18168,LifestyleType,Evening Person,,,,,
CP,DEL,CP_DEL_18168,PreferredNightstop,BKK,,,,,
CP,DEL,CP_DEL_18169,FlightNumber,UK,105,,,,
CP,DEL,CP_DEL_18169,LifestyleType,Commuter,,,,,
CP,DEL,CP_DEL_18169,PreferredNightstop,BOM,,,,,
CP,DEL,CP_DEL_18170,FlightNumber,UK,121,,,,
CP,DEL,CP_DEL_18170,LifestyleType,Evening Person,,,,,
CP,DEL,CP_DEL_18170,PreferredNightstop,BLR,,,,,
CP,DEL,CP_DEL_18171,LifestyleType,Nights At Home,,,,,
CP,DEL,CP_DEL_18171,PreferredNightstop,DEL,,,,,
CP,DEL,CP_DEL_18172,FlightNumber,UK,111,,,,
CP,DEL,CP_DEL_18172,FlightNumber,UK,115,,,,
CP,DEL,CP_DEL_18172,LifestyleType,Evening Person,,,,,
CP,DEL,CP_DEL_18172,PreferredNightstop,UDR,,,,,
CP,DEL,CP_DEL_18173,FlightNumber,UK,111,,,,
CP,DEL,CP_DEL_18173,FlightNumber,UK,121,,,,
CP,DEL,CP_DEL_18173,FlightNumber,UK,115,,,,
CP,DEL,CP_DEL_18173,LifestyleType,Evening Person,,,,,
CP,DEL,CP_DEL_18173,PreferredNightstop,BOM,,,,,
CP,DEL,CP_DEL_18174,LifestyleType,Morning Person,,,,,
CP,DEL,CP_DEL_18175,LifestyleType,Nights At Home,,,,,
CP,DEL,CP_DEL_18411,FlightNumber,UK,121,,,,
CP,DEL,CP_DEL_18411,FlightNumber,UK,111,,,,
CP,DEL,CP_DEL_18411,LifestyleType,Nights At Home,,,,,
CP,DEL,CP_DEL_18411,PreferredNightstop,SIN,,,,,
CP,DEL,CP_DEL_18412,LifestyleType,Morning Person,,,,,
CP,DEL,CP_DEL_18412,PreferredNightstop,MRU,,,,,
CP,DEL,CP_DEL_18413,FlightNumber,UK,121,,,,
CP,DEL,CP_DEL_18413,LifestyleType,Evening Person,,,,,
CP,DEL,CP_DEL_18413,PreferredNightstop,BOM,,,,,
CP,DEL,CP_DEL_18422,FlightNumber,UK,121,,,,
CP,DEL,CP_DEL_18422,FlightNumber,UK,111,,,,
CP,DEL,CP_DEL_18422,LifestyleType,Commuter,,,,,
CP,DEL,CP_DEL_18422,PreferredNightstop,BOM,,,,,
CP,DEL,CP_DEL_18550,LifestyleType,Commuter,,,,,
CP,DEL,CP_DEL_18550,PreferredNightstop,BLR,,,,,
CP,DEL,CP_DEL_18551,LifestyleType,Commuter,,,,,
CP,DEL,CP_DEL_18551,PreferredNightstop,BOM,,,,,
CP,DEL,CP_DEL_18552,FlightNumber,UK,111,,,,
CP,DEL,CP_DEL_18552,FlightNumber,UK,111,,,,
CP,DEL,CP_DEL_18552,FlightNumber,UK,111,,,,
CP,DEL,CP_DEL_18552,LifestyleType,Nights At Home,,,,,
CP,DEL,CP_DEL_18552,PreferredNightstop,BKK,,,,,
CP,DEL,CP_DEL_18554,LifestyleType,Commuter,,,,,
CP,DEL,CP_DEL_18554,PreferredNightstop,BOM,,,,,
CP,DEL,CP_DEL_18555,FlightNumber,UK,121,,,,
CP,DEL,CP_DEL_18555,FlightNumber,UK,111,,,,
CP,DEL,CP_DEL_18555,LifestyleType,Evening Person,,,,,
CP,DEL,CP_DEL_18687,LifestyleType,Commuter,,,,,
CP,DEL,CP_DEL_18687,PreferredNightstop,BOM,,,,,
CP,DEL,CP_DEL_18692,LifestyleType,Commuter,,,,,
CP,DEL,CP_DEL_18692,PreferredNightstop,BOM,,,,,
CP,DEL,CP_DEL_18695,LifestyleType,Commuter,,,,,
CP,DEL,CP_DEL_18695,PreferredNightstop,BOM,,,,,
CP,DEL,CP_DEL_18735,LifestyleType,Morning Person,,,,,
CP,DEL,CP_DEL_18735,PreferredNightstop,BOM,,,,,
CP,DEL,CP_DEL_18737,LifestyleType,Nights At Home,,,,,
CP,DEL,CP_DEL_18737,PreferredNightstop,DEL,,,,,
CP,DEL,CP_DEL_18738,FlightNumber,UK,111,,,,
CP,DEL,CP_DEL_18738,LifestyleType,Nights At Home,,,,,
CP,DEL,CP_DEL_18738,PreferredNightstop,DEL,,,,,
CP,BOM,CP_BOM_10547,LifestyleType,Nights At Home,,,,,
CP,BOM,CP_BOM_10716,FlightNumber,UK,241,,,,
CP,BOM,CP_BOM_10716,LifestyleType,Commuter,,,,,
CP,BOM,CP_BOM_10716,PreferredNightstop,SIN,,,,,
CP,BOM,CP_BOM_10837,FlightNumber,UK,123,,,,
CP,BOM,CP_BOM_10837,LifestyleType,Nights At Home,,,,,
CP,BOM,CP_BOM_10837,PreferredNightstop,SIN,,,,,
CP,BOM,CP_BOM_10991,FlightNumber,UK,123,,,,
CP,BOM,CP_BOM_10991,LifestyleType,Nights At Home,,,,,
CP,BOM,CP_BOM_10991,PreferredNightstop,BKK,,,,,
CP,BOM,CP_BOM_11076,FlightNumber,UK,235,,,,
CP,BOM,CP_BOM_11076,FlightNumber,UK,235,,,,
CP,BOM,CP_BOM_11076,LifestyleType,Evening Person,,,,,
CP,BOM,CP_BOM_11076,PreferredNightstop,JED,,,,,
CP,BOM,CP_BOM_11264,FlightNumber,UK,105,,,,
CP,BOM,CP_BOM_11264,FlightNumber,UK,241,,,,
CP,BOM,CP_BOM_11264,FlightNumber,UK,235,,,,
CP,BOM,CP_BOM_11264,LifestyleType,Nights At Home,,,,,
CP,BOM,CP_BOM_11264,PreferredNightstop,SIN,,,,,
CP,BOM,CP_BOM_11875,FlightNumber,UK,105,,,,
CP,BOM,CP_BOM_11875,LifestyleType,Nights At Home,,,,,
CP,BOM,CP_BOM_11875,PreferredNightstop,BOM,,,,,
CP,BOM,CP_BOM_12223,FlightNumber,UK,105,,,,
CP,BOM,CP_BOM_12223,FlightNumber,UK,241,,,,
CP,BOM,CP_BOM_12223,FlightNumber,UK,241,,,,
CP,BOM,CP_BOM_12223,LifestyleType,Evening Person,,,,,
CP,BOM,CP_BOM_12355,LifestyleType,Commuter,,,,,
CP,BOM,CP_BOM_12355,PreferredNightstop,SIN,,,,,
CP,BOM,CP_BOM_13297,LifestyleType,Evening Person,,,,,
CP,BOM,CP_BOM_13648,FlightNumber,UK,241,,,,
CP,BOM,CP_BOM_13648,FlightNumber,UK,105,,,,
CP,BOM,CP_BOM_13648,FlightNumber,UK,241,,,,
CP,BOM,CP_BOM_13648,LifestyleType,Commuter,,,,,
CP,BOM,CP_BOM_13925,FlightNumber,UK,233,,,,
CP,BOM,CP_BOM_13925,LifestyleType,Evening Person,,,,,
CP,BOM,CP_BOM_13933,FlightNumber,UK,105,,,,
CP,BOM,CP_BOM_13933,FlightNumber,UK,123,,,,
CP,BOM,CP_BOM_13933,FlightNumber,UK,123,,,,
CP,BOM,CP_BOM_13933,LifestyleType,Nights At Home,,,,,
CP,BOM,CP_BOM_13933,PreferredNightstop,BKK,,,,,
CP,BOM,CP_BOM_13934,FlightNumber,UK,241,,,,
CP,BOM,CP_BOM_13934,FlightNumber,UK,241,,,,
CP,BOM,CP_BOM_13934,FlightNumber,UK,241,,,,
CP,BOM,CP_BOM_13934,LifestyleType,Evening Person,,,,,
CP,BOM,CP_BOM_13934,PreferredNightstop,SIN,,,,,
CP,BOM,CP_BOM_13935,LifestyleType,Evening Person,,,,,
CP,BOM,CP_BOM_13942,LifestyleType,Evening Person,,,,,
CP,BOM,CP_BOM_13962,LifestyleType,Evening Person,,,,,
CP,BOM,CP_BOM_13975,LifestyleType,Commuter,,,,,
CP,BOM,CP_BOM_14197,LifestyleType,Morning Person,,,,,
CP,BOM,CP_BOM_14444,LifestyleType,Evening Person,,,,,
CP,BOM,CP_BOM_14470,FlightNumber,UK,123,,,,
CP,BOM,CP_BOM_14470,FlightNumber,UK,241,,,,
CP,BOM,CP_BOM_14470,LifestyleType,Evening Person,,,,,
CP,BOM,CP_BOM_14470,PreferredNightstop,BOM,,,,,
CP,BOM,CP_BOM_14657,LifestyleType,Commuter,,,,,
CP,BOM,CP_BOM_14658,LifestyleType,Commuter,,,,,
CP,BOM,CP_BOM_14659,LifestyleType,Nights At Home,,,,,
CP,BOM,CP_BOM_14659,PreferredNightstop,DEL,,,,,
CP,BOM,CP_BOM_14660,LifestyleType,Evening Person,,,,,
CP,BOM,CP_BOM_14661,LifestyleType,Nights At Home,,,,,
CP,BOM,CP_BOM_14662,LifestyleType,Nights At Home,,,,,
CP,BOM,CP_BOM_14663,LifestyleType,Nights At Home,,,,,
CP,BOM,CP_BOM_14667,LifestyleType,Evening Person,,,,,
CP,BOM,CP_BOM_14731,FlightNumber,UK,235,,,,
CP,BOM,CP_BOM_14731,LifestyleType,Morning Person,,,,,
CP,BOM,CP_BOM_14731,PreferredNightstop,BKK,,,,,
CP,BOM,CP_BOM_14732,FlightNumber,UK,123,,,,
CP,BOM,CP_BOM_14732,FlightNumber,UK,123,,,,
CP,BOM,CP_BOM_14732,FlightNumber,UK,241,,,,
CP,BOM,CP_BOM_14732,LifestyleType,Evening Person,,,,,
CP,BOM,CP_BOM_14732,PreferredNightstop,BKK,,,,,
CP,BOM,CP_BOM_14733,FlightNumber,UK,105,,,,
CP,BOM,CP_BOM_14733,FlightNumber,UK,123,,,,
CP,BOM,CP_BOM_14733,PreferredNightstop,BKK,,,,,
CP,BOM,CP_BOM_14734,FlightNumber,UK,241,,,,
CP,BOM,CP_BOM_14734,FlightNumber,UK,105,,,,
CP,BOM,CP_BOM_14734,FlightNumber,UK,241,,,,
CP,BOM,CP_BOM_14735,LifestyleType,Evening Person,,,,,
CP,BOM,CP_BOM_14736,LifestyleType,Morning Person,,,,,
CP,BOM,CP_BOM_14736,PreferredNightstop,SIN,,,,,
CP,BOM,CP_BOM_14742,FlightNumber,UK,241,,,,
CP,BOM,CP_BOM_14742,LifestyleType,Evening Person,,,,,
CP,BOM,CP_BOM_14742,PreferredNightstop,MRU,,,,,
CP,BOM,CP_BOM_14746,FlightNumber,UK,123,,,,
CP,BOM,CP_BOM_14746,FlightNumber,UK,235,,,,
CP,BOM,CP_BOM_14746,FlightNumber,UK,123,,,,
CP,BOM,CP_BOM_14746,LifestyleType,Commuter,,,,,
CP,BOM,CP_BOM_14746,PreferredNightstop,SIN,,,,,
CP,BOM,CP_BOM_14829,FlightNumber,UK,241,,,,
CP,BOM,CP_BOM_14829,FlightNumber,UK,105,,,,
CP,BOM,CP_BOM_14829,FlightNumber,UK,123,,,,
CP,BOM,CP_BOM_14829,LifestyleType,Commuter,,,,,
CP,BOM,CP_BOM_14829,PreferredNightstop,SIN,,,,,
CP,BOM,CP_BOM_14830,LifestyleType,Morning Person,,,,,
CP,BOM,CP_BOM_14851,FlightNumber,UK,105,,,,
CP,BOM,CP_BOM_14851,FlightNumber,UK,233,,,,
CP,BOM,CP_BOM_14851,FlightNumber,UK,105,,,,
CP,BOM,CP_BOM_14851,PreferredNightstop,DEL,,,,,
CP,BOM,CP_BOM_15064,FlightNumber,UK,123,,,,
CP,BOM,CP_BOM_15064,LifestyleType,Morning Person,,,,,
CP,BOM,CP_BOM_15064,PreferredNightstop,BKK,,,,,
CP,BOM,CP_BOM_15065,LifestyleType,Evening Person,,,,,
CP,BOM,CP_BOM_15067,FlightNumber,UK,241,,,,
CP,BOM,CP_BOM_15067,LifestyleType,Evening Person,,,,,
CP,BOM,CP_BOM_15067,PreferredNightstop,MRU,,,,,
CP,BOM,CP_BOM_15069,LifestyleType,Nights At Home,,,,,
CP,BOM,CP_BOM_15516,FlightNumber,UK,235,,,,
CP,BOM,CP_BOM_15516,FlightNumber,UK,237,,,,
CP,BOM,CP_BOM_15516,FlightNumber,UK,235,,,,
CP,BOM,CP_BOM_15516,LifestyleType,Evening Person,,,,,
CP,BOM,CP_BOM_15516,PreferredNightstop,JED,,,,,
CP,BOM,CP_BOM_15518,LifestyleType,Commuter,,,,,
CP,BOM,CP_BOM_15643,FlightNumber,UK,123,,,,
CP,BOM,CP_BOM_15643,FlightNumber,UK,235,,,,
CP,BOM,CP_BOM_15643,FlightNumber,UK,105,,,,
CP,BOM,CP_BOM_15643,LifestyleType,Evening Person,,,,,
CP,BOM,CP_BOM_15644,FlightNumber,UK,235,,,,
CP,BOM,CP_BOM_15644,FlightNumber,UK,123,,,,
CP,BOM,CP_BOM_15644,FlightNumber,UK,105,,,,
CP,BOM,CP_BOM_15644,LifestyleType,Evening Person,,,,,
CP,BOM,CP_BOM_15644,PreferredNightstop,SIN,,,,,
CP,BOM,CP_BOM_15647,FlightNumber,UK,123,,,,
CP,BOM,CP_BOM_15647,FlightNumber,UK,123,,,,
CP,BOM,CP_BOM_15647,FlightNumber,UK,123,,,,
CP,BOM,CP_BOM_15647,LifestyleType,Evening Person,,,,,
CP,BOM,CP_BOM_18726,FlightNumber,UK,105,,,,
CP,BOM,CP_BOM_18727,PreferredNightstop,BOM,,,,,
CP,BOM,CP_BOM_18728,FlightNumber,UK,105,,,,
CP,BOM,CP_BOM_18728,LifestyleType,Evening Person,,,,,
CP,BOM,CP_BOM_18728,PreferredNightstop,BOM,,,,,
CP,BOM,CP_BOM_18730,FlightNumber,UK,105,,,,
CP,BOM,CP_BOM_18730,FlightNumber,UK,123,,,,
CP,BOM,CP_BOM_18730,LifestyleType,Evening Person,,,,,
CP,BOM,CP_BOM_18730,PreferredNightstop,BKK,,,,,
CP,BOM,CP_BOM_18731,FlightNumber,UK,123,,,,
CP,BOM,CP_BOM_18731,FlightNumber,UK,235,,,,
CP,BOM,CP_BOM_18731,FlightNumber,UK,105,,,,
CP,BOM,CP_BOM_18731,LifestyleType,Morning Person,,,,,
CP,BOM,CP_BOM_18731,PreferredNightstop,JED,,,,,
CP,BOM,CP_BOM_18732,FlightNumber,UK,123,,,,
CP,BOM,CP_BOM_18732,FlightNumber,UK,235,,,,
CP,BOM,CP_BOM_18732,FlightNumber,UK,235,,,,
CP,BOM,CP_BOM_18732,LifestyleType,Evening Person,,,,,
CP,BOM,CP_BOM_18732,PreferredNightstop,JED,,,,,
FO,BLR,FO_BLR_11519,LifestyleType,Nights At Home,,,,,
FO,BLR,FO_BLR_12029,LifestyleType,Evening Person,,,,,
FO,BLR,FO_BLR_12528,LifestyleType,Nights At Home,,,,,
FO,BLR,FO_BLR_12950,LifestyleType,Commuter,,,,,
FO,BLR,FO_BLR_13202,LifestyleType,Nights At Home,,,,,
FO,BLR,FO_BLR_13202,PreferredNightstop,JED,,,,,
FO,BLR,FO_BLR_13206,LifestyleType,Commuter,,,,,
FO,BLR,FO_BLR_13206,PreferredNightstop,BLR,,,,,
FO,BLR,FO_BLR_13211,LifestyleType,Commuter,,,,,
FO,BLR,FO_BLR_13211,PreferredNightstop,SIN,,,,,
FO,BLR,FO_BLR_13923,LifestyleType,Nights At Home,,,,,
FO,BLR,FO_BLR_13928,LifestyleType,Nights At Home,,,,,
FO,BLR,FO_BLR_14205,FlightNumber,UK,808,,,,
FO,BLR,FO_BLR_14205,LifestyleType,Evening Person,,,,,
FO,BLR,FO_BLR_14205,PreferredNightstop,DEL,,,,,
FO,BLR,FO_BLR_16124,FlightNumber,UK,508,,,,
FO,BLR,FO_BLR_16124,LifestyleType,Commuter,,,,,
FO,BLR,FO_BLR_16124,PreferredNightstop,SIN,,,,,
FO,BLR,FO_BLR_16126,FlightNumber,UK,6037,,,,
FO,BLR,FO_BLR_16126,LifestyleType,Nights At Home,,,,,
FO,BLR,FO_BLR_16126,PreferredNightstop,BLR,,,,,
FO,BLR,FO_BLR_16134,LifestyleType,Evening Person,,,,,
FO,BLR,FO_BLR_16136,FlightNumber,UK,111,,,,
FO,BLR,FO_BLR_16136,FlightNumber,UK,123,,,,
FO,BLR,FO_BLR_16136,LifestyleType,Commuter,,,,,
FO,BLR,FO_BLR_16136,PreferredNightstop,IXC,,,,,
FO,BLR,FO_BLR_16140,LifestyleType,Evening Person,,,,,
FO,BLR,FO_BLR_17892,LifestyleType,Nights At Home,,,,,
FO,BLR,FO_BLR_17897,LifestyleType,Commuter,,,,,
FO,DEL,FO_DEL_10818,FlightNumber,UK,121,,,,
FO,DEL,FO_DEL_10818,LifestyleType,Nights At Home,,,,,
FO,DEL,FO_DEL_11117,LifestyleType,Evening Person,,,,,
FO,DEL,FO_DEL_11172,FlightNumber,UK,115,,,,
FO,DEL,FO_DEL_11172,FlightNumber,UK,115,,,,
FO,DEL,FO_DEL_11172,LifestyleType,Nights At Home,,,,,
FO,DEL,FO_DEL_11172,PreferredNightstop,DEL,,,,,
FO,DEL,FO_DEL_11200,LifestyleType,Commuter,,,,,
FO,DEL,FO_DEL_11259,LifestyleType,Nights At Home,,,,,
FO,DEL,FO_DEL_11259,PreferredNightstop,BLR,,,,,
FO,DEL,FO_DEL_12075,FlightNumber,UK,121,,,,
FO,DEL,FO_DEL_12075,LifestyleType,Evening Person,,,,,
FO,DEL,FO_DEL_12075,PreferredNightstop,BLR,,,,,
FO,DEL,FO_DEL_12079,LifestyleType,Commuter,,,,,
FO,DEL,FO_DEL_12082,LifestyleType,Nights At Home,,,,,
FO,DEL,FO_DEL_12082,PreferredNightstop,DEL,,,,,
FO,DEL,FO_DEL_12086,LifestyleType,Evening Person,,,,,
FO,DEL,FO_DEL_12086,PreferredNightstop,BOM,,,,,
FO,DEL,FO_DEL_12150,LifestyleType,Commuter,,,,,
FO,DEL,FO_DEL_12150,PreferredNightstop,BKK,,,,,
FO,DEL,FO_DEL_12288,LifestyleType,Evening Person,,,,,
FO,DEL,FO_DEL_12354,FlightNumber,UK,871,,,,
FO,DEL,FO_DEL_12354,LifestyleType,Nights At Home,,,,,
FO,DEL,FO_DEL_12354,PreferredNightstop,HYD,,,,,
FO,DEL,FO_DEL_12358,LifestyleType,Nights At Home,,,,,
FO,DEL,FO_DEL_12381,FlightNumber,UK,121,,,,
FO,DEL,FO_DEL_12381,LifestyleType,Commuter,,,,,
FO,DEL,FO_DEL_12381,PreferredNightstop,BOM,,,,,
FO,DEL,FO_DEL_12517,LifestyleType,Evening Person,,,,,
FO,DEL,FO_DEL_12602,FlightNumber,UK,121,,,,
FO,DEL,FO_DEL_12602,LifestyleType,Evening Person,,,,,
FO,DEL,FO_DEL_12604,FlightNumber,UK,121,,,,
FO,DEL,FO_DEL_12604,FlightNumber,UK,121,,,,
FO,DEL,FO_DEL_12604,FlightNumber,UK,115,,,,
FO,DEL,FO_DEL_12604,LifestyleType,Evening Person,,,,,
FO,DEL,FO_DEL_12604,PreferredNightstop,BKK,,,,,
FO,DEL,FO_DEL_12681,LifestyleType,Evening Person,,,,,
FO,DEL,FO_DEL_12681,PreferredNightstop,AMD,,,,,
FO,DEL,FO_DEL_12693,LifestyleType,Nights At Home,,,,,
FO,DEL,FO_DEL_12732,LifestyleType,Nights At Home,,,,,
FO,DEL,FO_DEL_12736,LifestyleType,Commuter,,,,,
FO,DEL,FO_DEL_12737,LifestyleType,Evening Person,,,,,
FO,DEL,FO_DEL_12752,LifestyleType,Nights At Home,,,,,
FO,DEL,FO_DEL_12752,PreferredNightstop,SIN,,,,,
FO,DEL,FO_DEL_12788,FlightNumber,UK,111,,,,
FO,DEL,FO_DEL_12788,FlightNumber,UK,115,,,,
FO,DEL,FO_DEL_12788,LifestyleType,Commuter,,,,,
FO,DEL,FO_DEL_12791,LifestyleType,Nights At Home,,,,,
FO,DEL,FO_DEL_12792,LifestyleType,Nights At Home,,,,,
FO,DEL,FO_DEL_12792,PreferredNightstop,SIN,,,,,
FO,DEL,FO_DEL_12794,LifestyleType,Commuter,,,,,
FO,DEL,FO_DEL_12794,PreferredNightstop,BKK,,,,,
FO,DEL,FO_DEL_12840,LifestyleType,Commuter,,,,,
FO,DEL,FO_DEL_12840,PreferredNightstop,BOM,,,,,
FO,DEL,FO_DEL_12846,FlightNumber,UK,111,,,,
FO,DEL,FO_DEL_12846,LifestyleType,Nights At Home,,,,,
FO,DEL,FO_DEL_12846,PreferredNightstop,JED,,,,,
FO,DEL,FO_DEL_12847,LifestyleType,Nights At Home,,,,,
FO,DEL,FO_DEL_12849,LifestyleType,Nights At Home,,,,,
FO,DEL,FO_DEL_12850,LifestyleType,Nights At Home,,,,,
FO,DEL,FO_DEL_12850,PreferredNightstop,UDR,,,,,
FO,DEL,FO_DEL_12851,LifestyleType,Nights At Home,,,,,
FO,DEL,FO_DEL_12851,PreferredNightstop,BKK,,,,,
FO,DEL,FO_DEL_12852,LifestyleType,Commuter,,,,,
FO,DEL,FO_DEL_12852,PreferredNightstop,HYD,,,,,
FO,DEL,FO_DEL_12941,LifestyleType,Commuter,,,,,
FO,DEL,FO_DEL_12941,PreferredNightstop,HYD,,,,,
FO,DEL,FO_DEL_12944,LifestyleType,Nights At Home,,,,,
FO,DEL,FO_DEL_12944,PreferredNightstop,JED,,,,,
FO,DEL,FO_DEL_12946,FlightNumber,UK,155,,,,
FO,DEL,FO_DEL_12946,FlightNumber,UK,241,,,,
FO,DEL,FO_DEL_12946,LifestyleType,Nights At Home,,,,,
FO,DEL,FO_DEL_12947,LifestyleType,Nights At Home,,,,,
FO,DEL,FO_DEL_12948,LifestyleType,Nights At Home,,,,,
FO,DEL,FO_DEL_12949,FlightNumber,UK,121,,,,
FO,DEL,FO_DEL_12949,FlightNumber,UK,111,,,,
FO,DEL,FO_DEL_12949,LifestyleType,Nights At Home,,,,,
FO,DEL,FO_DEL_12949,PreferredNightstop,SIN,,,,,
FO,DEL,FO_DEL_12951,LifestyleType,Morning Person,,,,,
FO,DEL,FO_DEL_12951,PreferredNightstop,IXC,,,,,
FO,DEL,FO_DEL_13054,LifestyleType,Nights At Home,,,,,
FO,DEL,FO_DEL_13054,PreferredNightstop,DEL,,,,,
FO,DEL,FO_DEL_13055,FlightNumber,UK,121,,,,
FO,DEL,FO_DEL_13055,LifestyleType,Nights At Home,,,,,
FO,DEL,FO_DEL_13056,FlightNumber,UK,115,,,,
FO,DEL,FO_DEL_13056,LifestyleType,Nights At Home,,,,,
FO,DEL,FO_DEL_13057,LifestyleType,Evening Person,,,,,
FO,DEL,FO_DEL_13057,PreferredNightstop,UDR,,,,,
FO,DEL,FO_DEL_13059,LifestyleType,Nights At Home,,,,,
FO,DEL,FO_DEL_13060,FlightNumber,UK,121,,,,
FO,DEL,FO_DEL_13060,LifestyleType,Nights At Home,,,,,
FO,DEL,FO_DEL_13061,LifestyleType,Commuter,,,,,
FO,DEL,FO_DEL_13061,PreferredNightstop,PNQ,,,,,
FO,DEL,FO_DEL_13062,FlightNumber,UK,111,,,,
FO,DEL,FO_DEL_13062,LifestyleType,Nights At Home,,,,,
FO,DEL,FO_DEL_13062,PreferredNightstop,DEL,,,,,
FO,DEL,FO_DEL_13064,FlightNumber,UK,121,,,,
FO,DEL,FO_DEL_13064,FlightNumber,UK,121,,,,
FO,DEL,FO_DEL_13064,FlightNumber,UK,725,,,,
FO,DEL,FO_DEL_13064,LifestyleType,Nights At Home,,,,,
FO,DEL,FO_DEL_13065,FlightNumber,UK,957,,,,
FO,DEL,FO_DEL_13065,LifestyleType,Nights At Home,,,,,
FO,DEL,FO_DEL_13066,FlightNumber,UK,111,,,,
FO,DEL,FO_DEL_13066,FlightNumber,UK,121,,,,
FO,DEL,FO_DEL_13066,FlightNumber,UK,111,,,,
FO,DEL,FO_DEL_13066,LifestyleType,Commuter,,,,,
FO,DEL,FO_DEL_13066,PreferredNightstop,SIN,,,,,
FO,DEL,FO_DEL_13067,LifestyleType,Nights At Home,,,,,
FO,DEL,FO_DEL_13067,PreferredNightstop,IXC,,,,,
FO,DEL,FO_DEL_13068,LifestyleType,Nights At Home,,,,,
FO,DEL,FO_DEL_13068,PreferredNightstop,BLR,,,,,
FO,DEL,FO_DEL_13197,LifestyleType,Evening Person,,,,,
FO,DEL,FO_DEL_13197,PreferredNightstop,BOM,,,,,
FO,DEL,FO_DEL_13198,LifestyleType,Morning Person,,,,,
FO,DEL,FO_DEL_13198,PreferredNightstop,DEL,,,,,
FO,DEL,FO_DEL_13201,FlightNumber,UK,241,,,,
FO,DEL,FO_DEL_13201,FlightNumber,UK,111,,,,
FO,DEL,FO_DEL_13201,FlightNumber,UK,121,,,,
FO,DEL,FO_DEL_13201,LifestyleType,Nights At Home,,,,,
FO,DEL,FO_DEL_13201,PreferredNightstop,DEL,,,,,
FO,DEL,FO_DEL_13204,FlightNumber,UK,121,,,,
FO,DEL,FO_DEL_13204,LifestyleType,Nights At Home,,,,,
FO,DEL,FO_DEL_13204,PreferredNightstop,DEL,,,,,
FO,DEL,FO_DEL_13205,LifestyleType,Commuter,,,,,
FO,DEL,FO_DEL_13205,PreferredNightstop,UDR,,,,,
FO,DEL,FO_DEL_13207,LifestyleType,Evening Person,,,,,
FO,DEL,FO_DEL_13208,FlightNumber,UK,115,,,,
FO,DEL,FO_DEL_13208,FlightNumber,UK,121,,,,
FO,DEL,FO_DEL_13208,LifestyleType,Evening Person,,,,,
FO,DEL,FO_DEL_13208,PreferredNightstop,BOM,,,,,
FO,DEL,FO_DEL_13212,FlightNumber,UK,121,,,,
FO,DEL,FO_DEL_13212,LifestyleType,Nights At Home,,,,,
FO,DEL,FO_DEL_13212,PreferredNightstop,BLR,,,,,
FO,DEL,FO_DEL_13213,FlightNumber,UK,111,,,,
FO,DEL,FO_DEL_13213,LifestyleType,Evening Person,,,,,
FO,DEL,FO_DEL_13213,PreferredNightstop,BOM,,,,,
FO,DEL,FO_DEL_13215,LifestyleType,Commuter,,,,,
FO,DEL,FO_DEL_13215,PreferredNightstop,BLR,,,,,
FO,DEL,FO_DEL_13216,LifestyleType,Evening Person,,,,,
FO,DEL,FO_DEL_13216,PreferredNightstop,BOM,,,,,
FO,DEL,FO_DEL_13217,LifestyleType,Commuter,,,,,
FO,DEL,FO_DEL_13217,PreferredNightstop,BOM,,,,,
FO,DEL,FO_DEL_13218,LifestyleType,Nights At Home,,,,,
FO,DEL,FO_DEL_13218,PreferredNightstop,DEL,,,,,
FO,DEL,FO_DEL_13221,FlightNumber,UK,121,,,,
FO,DEL,FO_DEL_13221,FlightNumber,UK,115,,,,
FO,DEL,FO_DEL_13221,LifestyleType,Nights At Home,,,,,
FO,DEL,FO_DEL_13221,PreferredNightstop,PNQ,,,,,
FO,DEL,FO_DEL_13222,FlightNumber,UK,121,,,,
FO,DEL,FO_DEL_13222,LifestyleType,Evening Person,,,,,
FO,DEL,FO_DEL_13222,PreferredNightstop,BKK,,,,,
FO,DEL,FO_DEL_13223,LifestyleType,Nights At Home,,,,,
FO,DEL,FO_DEL_13223,PreferredNightstop,SIN,,,,,
FO,DEL,FO_DEL_13301,LifestyleType,Morning Person,,,,,
FO,DEL,FO_DEL_13301,PreferredNightstop,DEL,,,,,
FO,DEL,FO_DEL_13304,LifestyleType,Commuter,,,,,
FO,DEL,FO_DEL_13555,LifestyleType,Evening Person,,,,,
FO,DEL,FO_DEL_13555,PreferredNightstop,UDR,,,,,
FO,DEL,FO_DEL_13645,FlightNumber,UK,121,,,,
FO,DEL,FO_DEL_13645,FlightNumber,UK,115,,,,
FO,DEL,FO_DEL_13645,FlightNumber,UK,111,,,,
FO,DEL,FO_DEL_13645,LifestyleType,Nights At Home,,,,,
FO,DEL,FO_DEL_13645,PreferredNightstop,SIN,,,,,
FO,DEL,FO_DEL_13721,FlightNumber,UK,121,,,,
FO,DEL,FO_DEL_13721,LifestyleType,Commuter,,,,,
FO,DEL,FO_DEL_13721,PreferredNightstop,BKK,,,,,
FO,DEL,FO_DEL_13727,LifestyleType,Nights At Home,,,,,
FO,DEL,FO_DEL_13729,FlightNumber,UK,122,,,,
FO,DEL,FO_DEL_13729,FlightNumber,UK,111,,,,
FO,DEL,FO_DEL_13729,LifestyleType,Evening Person,,,,,
FO,DEL,FO_DEL_13729,PreferredNightstop,DEL,,,,,
FO,DEL,FO_DEL_13735,FlightNumber,UK,111,,,,
FO,DEL,FO_DEL_13735,FlightNumber,UK,111,,,,
FO,DEL,FO_DEL_13735,LifestyleType,Nights At Home,,,,,
FO,DEL,FO_DEL_13735,PreferredNightstop,SIN,,,,,
FO,DEL,FO_DEL_13878,FlightNumber,UK,115,,,,
FO,DEL,FO_DEL_13878,LifestyleType,Evening Person,,,,,
FO,DEL,FO_DEL_13878,PreferredNightstop,SIN,,,,,
FO,DEL,FO_DEL_13880,LifestyleType,Nights At Home,,,,,
FO,DEL,FO_DEL_13880,PreferredNightstop,DEL,,,,,
FO,DEL,FO_DEL_13884,LifestyleType,Nights At Home,,,,,
FO,DEL,FO_DEL_13927,LifestyleType,Commuter,,,,,
FO,DEL,FO_DEL_13954,LifestyleType,Nights At Home,,,,,
FO,DEL,FO_DEL_13966,FlightNumber,UK,111,,,,
FO,DEL,FO_DEL_13966,FlightNumber,UK,121,,,,
FO,DEL,FO_DEL_13966,LifestyleType,Nights At Home,,,,,
FO,DEL,FO_DEL_13966,PreferredNightstop,DEL,,,,,
FO,DEL,FO_DEL_13967,FlightNumber,UK,121,,,,
FO,DEL,FO_DEL_13967,FlightNumber,UK,111,,,,
FO,DEL,FO_DEL_13967,FlightNumber,UK,116,,,,
FO,DEL,FO_DEL_13967,LifestyleType,Commuter,,,,,
FO,DEL,FO_DEL_13967,PreferredNightstop,UDR,,,,,
FO,DEL,FO_DEL_13971,FlightNumber,UK,121,,,,
FO,DEL,FO_DEL_13971,FlightNumber,UK,115,,,,
FO,DEL,FO_DEL_13971,LifestyleType,Nights At Home,,,,,
FO,DEL,FO_DEL_13971,PreferredNightstop,BLR,,,,,
FO,DEL,FO_DEL_13976,LifestyleType,Nights At Home,,,,,
FO,DEL,FO_DEL_13980,FlightNumber,UK,111,,,,
FO,DEL,FO_DEL_13980,FlightNumber,UK,111,,,,
FO,DEL,FO_DEL_13980,FlightNumber,UK,111,,,,
FO,DEL,FO_DEL_13980,LifestyleType,Evening Person,,,,,
FO,DEL,FO_DEL_13980,PreferredNightstop,SIN,,,,,
FO,DEL,FO_DEL_13993,FlightNumber,UK,121,,,,
FO,DEL,FO_DEL_13993,FlightNumber,UK,115,,,,
FO,DEL,FO_DEL_13993,LifestyleType,Nights At Home,,,,,
FO,DEL,FO_DEL_13995,FlightNumber,UK,111,,,,
FO,DEL,FO_DEL_13995,FlightNumber,UK,111,,,,
FO,DEL,FO_DEL_13995,FlightNumber,UK,111,,,,
FO,DEL,FO_DEL_13995,PreferredNightstop,SIN,,,,,
FO,DEL,FO_DEL_13998,FlightNumber,UK,111,,,,
FO,DEL,FO_DEL_13998,FlightNumber,UK,111,,,,
FO,DEL,FO_DEL_13998,FlightNumber,UK,121,,,,
FO,DEL,FO_DEL_13998,LifestyleType,Evening Person,,,,,
FO,DEL,FO_DEL_13998,PreferredNightstop,BOM,,,,,
FO,DEL,FO_DEL_13999,LifestyleType,Nights At Home,,,,,
FO,DEL,FO_DEL_14000,LifestyleType,Commuter,,,,,
FO,DEL,FO_DEL_14199,FlightNumber,UK,115,,,,
FO,DEL,FO_DEL_14199,FlightNumber,UK,121,,,,
FO,DEL,FO_DEL_14199,LifestyleType,Evening Person,,,,,
FO,DEL,FO_DEL_14199,PreferredNightstop,BOM,,,,,
FO,DEL,FO_DEL_14203,LifestyleType,Nights At Home,,,,,
FO,DEL,FO_DEL_14448,LifestyleType,Morning Person,,,,,
FO,DEL,FO_DEL_14448,PreferredNightstop,BOM,,,,,
FO,DEL,FO_DEL_14449,FlightNumber,UK,115,,,,
FO,DEL,FO_DEL_14449,LifestyleType,Nights At Home,,,,,
FO,DEL,FO_DEL_14451,FlightNumber,UK,6009,,,,
FO,DEL,FO_DEL_14451,FlightNumber,UK,121,,,,
FO,DEL,FO_DEL_14451,LifestyleType,Nights At Home,,,,,
FO,DEL,FO_DEL_14456,LifestyleType,Commuter,,,,,
FO,DEL,FO_DEL_14752,LifestyleType,Commuter,,,,,
FO,DEL,FO_DEL_14755,LifestyleType,Evening Person,,,,,
FO,DEL,FO_DEL_14955,FlightNumber,UK,111,,,,
FO,DEL,FO_DEL_14955,LifestyleType,Evening Person,,,,,
FO,DEL,FO_DEL_14955,PreferredNightstop,SIN,,,,,
FO,DEL,FO_DEL_14956,FlightNumber,UK,121,,,,
FO,DEL,FO_DEL_14956,FlightNumber,UK,121,,,,
FO,DEL,FO_DEL_14956,LifestyleType,Commuter,,,,,
FO,DEL,FO_DEL_14956,PreferredNightstop,SIN,,,,,
FO,DEL,FO_DEL_15070,LifestyleType,Commuter,,,,,
FO,DEL,FO_DEL_15070,PreferredNightstop,PNQ,,,,,
FO,DEL,FO_DEL_15074,FlightNumber,UK,115,,,,
FO,DEL,FO_DEL_15074,FlightNumber,UK,111,,,,
FO,DEL,FO_DEL_15074,LifestyleType,Evening Person,,,,,
FO,DEL,FO_DEL_15074,PreferredNightstop,BOM,,,,,
FO,DEL,FO_DEL_15075,LifestyleType,Commuter,,,,,
FO,DEL,FO_DEL_15075,PreferredNightstop,MAA,,,,,
FO,DEL,FO_DEL_15076,LifestyleType,Evening Person,,,,,
FO,DEL,FO_DEL_15076,PreferredNightstop,HYD,,,,,
FO,DEL,FO_DEL_15521,LifestyleType,Nights At Home,,,,,
FO,DEL,FO_DEL_15521,PreferredNightstop,CCU,,,,,
FO,DEL,FO_DEL_15646,LifestyleType,Nights At Home,,,,,
FO,DEL,FO_DEL_16034,FlightNumber,UK,935,,,,
FO,DEL,FO_DEL_16034,FlightNumber,UK,115,,,,
FO,DEL,FO_DEL_16034,FlightNumber,UK,121,,,,
FO,DEL,FO_DEL_16034,LifestyleType,Commuter,,,,,
FO,DEL,FO_DEL_16034,PreferredNightstop,SIN,,,,,
FO,DEL,FO_DEL_16035,LifestyleType,Evening Person,,,,,
FO,DEL,FO_DEL_16035,PreferredNightstop,HYD,,,,,
FO,DEL,FO_DEL_16036,FlightNumber,UK,935,,,,
FO,DEL,FO_DEL_16036,FlightNumber,UK,111,,,,
FO,DEL,FO_DEL_16036,FlightNumber,UK,115,,,,
FO,DEL,FO_DEL_16036,LifestyleType,Evening Person,,,,,
FO,DEL,FO_DEL_16036,PreferredNightstop,SIN,,,,,
FO,DEL,FO_DEL_16038,FlightNumber,UK,941,,,,
FO,DEL,FO_DEL_16038,LifestyleType,Commuter,,,,,
FO,DEL,FO_DEL_16038,PreferredNightstop,MAA,,,,,
FO,DEL,FO_DEL_16045,FlightNumber,UK,115,,,,
FO,DEL,FO_DEL_16045,FlightNumber,UK,121,,,,
FO,DEL,FO_DEL_16045,LifestyleType,Nights At Home,,,,,
FO,DEL,FO_DEL_16045,PreferredNightstop,SIN,,,,,
FO,DEL,FO_DEL_16047,LifestyleType,Evening Person,,,,,
FO,DEL,FO_DEL_16048,FlightNumber,UK,111,,,,
FO,DEL,FO_DEL_16048,FlightNumber,UK,121,,,,
FO,DEL,FO_DEL_16048,FlightNumber,UK,121,,,,
FO,DEL,FO_DEL_16048,LifestyleType,Commuter,,,,,
FO,DEL,FO_DEL_16048,PreferredNightstop,BKK,,,,,
FO,DEL,FO_DEL_16061,FlightNumber,UK,111,,,,
FO,DEL,FO_DEL_16061,LifestyleType,Evening Person,,,,,
FO,DEL,FO_DEL_16062,FlightNumber,UK,121,,,,
FO,DEL,FO_DEL_16062,FlightNumber,UK,111,,,,
FO,DEL,FO_DEL_16062,FlightNumber,UK,121,,,,
FO,DEL,FO_DEL_16062,LifestyleType,Commuter,,,,,
FO,DEL,FO_DEL_16062,PreferredNightstop,BOM,,,,,
FO,DEL,FO_DEL_16063,FlightNumber,UK,115,,,,
FO,DEL,FO_DEL_16063,FlightNumber,UK,235,,,,
FO,DEL,FO_DEL_16063,LifestyleType,Nights At Home,,,,,
FO,DEL,FO_DEL_16063,PreferredNightstop,DEL,,,,,
FO,DEL,FO_DEL_16066,LifestyleType,Nights At Home,,,,,
FO,DEL,FO_DEL_16072,LifestyleType,Evening Person,,,,,
FO,DEL,FO_DEL_16073,LifestyleType,Evening Person,,,,,
FO,DEL,FO_DEL_16073,PreferredNightstop,IXC,,,,,
FO,DEL,FO_DEL_16125,LifestyleType,Nights At Home,,,,,
FO,DEL,FO_DEL_16127,LifestyleType,Nights At Home,,,,,
FO,DEL,FO_DEL_16127,PreferredNightstop,BKK,,,,,
FO,DEL,FO_DEL_16130,LifestyleType,Commuter,,,,,
FO,DEL,FO_DEL_16132,LifestyleType,Commuter,,,,,
FO,DEL,FO_DEL_16132,PreferredNightstop,BLR,,,,,
FO,DEL,FO_DEL_16133,FlightNumber,UK,121,,,,
FO,DEL,FO_DEL_16133,FlightNumber,UK,111,,,,
FO,DEL,FO_DEL_16133,LifestyleType,Evening Person,,,,,
FO,DEL,FO_DEL_16133,PreferredNightstop,SIN,,,,,
FO,DEL,FO_DEL_16137,FlightNumber,UK,241,,,,
FO,DEL,FO_DEL_16137,FlightNumber,UK,115,,,,
FO,DEL,FO_DEL_16137,LifestyleType,Evening Person,,,,,
FO,DEL,FO_DEL_16339,FlightNumber,UK,121,,,,
FO,DEL,FO_DEL_16339,FlightNumber,UK,115,,,,
FO,DEL,FO_DEL_16339,LifestyleType,Commuter,,,,,
FO,DEL,FO_DEL_16339,PreferredNightstop,BOM,,,,,
FO,DEL,FO_DEL_16340,FlightNumber,UK,121,,,,
FO,DEL,FO_DEL_16340,FlightNumber,UK,115,,,,
FO,DEL,FO_DEL_16340,FlightNumber,UK,627,,,,
FO,DEL,FO_DEL_16340,LifestyleType,Nights At Home,,,,,
FO,DEL,FO_DEL_16340,PreferredNightstop,BKK,,,,,
FO,DEL,FO_DEL_16341,FlightNumber,UK,727,,,,
FO,DEL,FO_DEL_16341,FlightNumber,UK,778,,,,
FO,DEL,FO_DEL_16341,FlightNumber,UK,747,,,,
FO,DEL,FO_DEL_16341,LifestyleType,Commuter,,,,,
FO,DEL,FO_DEL_16341,PreferredNightstop,CCU,,,,,
FO,DEL,FO_DEL_16342,FlightNumber,UK,778,,,,
FO,DEL,FO_DEL_16342,FlightNumber,UK,727,,,,
FO,DEL,FO_DEL_16342,LifestyleType,Evening Person,,,,,
FO,DEL,FO_DEL_16342,PreferredNightstop,CCU,,,,,
FO,DEL,FO_DEL_16343,FlightNumber,UK,121,,,,
FO,DEL,FO_DEL_16343,FlightNumber,UK,121,,,,
FO,DEL,FO_DEL_16343,LifestyleType,Commuter,,,,,
FO,DEL,FO_DEL_16343,PreferredNightstop,BLR,,,,,
FO,DEL,FO_DEL_16346,FlightNumber,UK,115,,,,
FO,DEL,FO_DEL_16346,FlightNumber,UK,115,,,,
FO,DEL,FO_DEL_16346,FlightNumber,UK,115,,,,
FO,DEL,FO_DEL_16346,LifestyleType,Evening Person,,,,,
FO,DEL,FO_DEL_16346,PreferredNightstop,BOM,,,,,
FO,DEL,FO_DEL_16348,FlightNumber,UK,121,,,,
FO,DEL,FO_DEL_16348,FlightNumber,UK,111,,,,
FO,DEL,FO_DEL_16348,LifestyleType,Nights At Home,,,,,
FO,DEL,FO_DEL_16348,PreferredNightstop,BLR,,,,,
FO,DEL,FO_DEL_16351,FlightNumber,UK,115,,,,
FO,DEL,FO_DEL_16351,FlightNumber,UK,121,,,,
FO,DEL,FO_DEL_16351,LifestyleType,Evening Person,,,,,
FO,DEL,FO_DEL_16351,PreferredNightstop,BOM,,,,,
FO,DEL,FO_DEL_16354,LifestyleType,Nights At Home,,,,,
FO,DEL,FO_DEL_16354,PreferredNightstop,DEL,,,,,
FO,DEL,FO_DEL_16355,FlightNumber,UK,115,,,,
FO,DEL,FO_DEL_16355,FlightNumber,UK,115,,,,
FO,DEL,FO_DEL_16355,FlightNumber,UK,121,,,,
FO,DEL,FO_DEL_16355,LifestyleType,Commuter,,,,,
FO,DEL,FO_DEL_16355,PreferredNightstop,BOM,,,,,
FO,DEL,FO_DEL_16357,FlightNumber,UK,111,,,,
FO,DEL,FO_DEL_16357,FlightNumber,UK,121,,,,
FO,DEL,FO_DEL_16357,FlightNumber,UK,115,,,,
FO,DEL,FO_DEL_16357,LifestyleType,Nights At Home,,,,,
FO,DEL,FO_DEL_16357,PreferredNightstop,BOM,,,,,
FO,DEL,FO_DEL_16432,LifestyleType,Nights At Home,,,,,
FO,DEL,FO_DEL_16433,FlightNumber,UK,123,,,,
FO,DEL,FO_DEL_16433,FlightNumber,UK,115,,,,
FO,DEL,FO_DEL_16433,FlightNumber,UK,124,,,,
FO,DEL,FO_DEL_16433,LifestyleType,Commuter,,,,,
FO,DEL,FO_DEL_16433,PreferredNightstop,BOM,,,,,
FO,DEL,FO_DEL_16434,FlightNumber,UK,935,,,,
FO,DEL,FO_DEL_16434,FlightNumber,UK,115,,,,
FO,DEL,FO_DEL_16434,FlightNumber,UK,121,,,,
FO,DEL,FO_DEL_16434,LifestyleType,Nights At Home,,,,,
FO,DEL,FO_DEL_16437,FlightNumber,UK,533,,,,
FO,DEL,FO_DEL_16437,FlightNumber,UK,115,,,,
FO,DEL,FO_DEL_16437,LifestyleType,Nights At Home,,,,,
FO,DEL,FO_DEL_16438,FlightNumber,UK,111,,,,
FO,DEL,FO_DEL_16438,FlightNumber,UK,778,,,,
FO,DEL,FO_DEL_16438,LifestyleType,Nights At Home,,,,,
FO,DEL,FO_DEL_16438,PreferredNightstop,BOM,,,,,
FO,DEL,FO_DEL_16439,LifestyleType,Nights At Home,,,,,
FO,DEL,FO_DEL_16440,LifestyleType,Commuter,,,,,
FO,DEL,FO_DEL_16441,LifestyleType,Nights At Home,,,,,
FO,DEL,FO_DEL_16564,LifestyleType,Nights At Home,,,,,
FO,DEL,FO_DEL_16564,PreferredNightstop,PNQ,,,,,
FO,DEL,FO_DEL_16566,LifestyleType,Evening Person,,,,,
FO,DEL,FO_DEL_16566,PreferredNightstop,CCU,,,,,
FO,DEL,FO_DEL_16567,FlightNumber,UK,115,,,,
FO,DEL,FO_DEL_16567,LifestyleType,Nights At Home,,,,,
FO,DEL,FO_DEL_16567,PreferredNightstop,SIN,,,,,
FO,DEL,FO_DEL_16569,FlightNumber,UK,115,,,,
FO,DEL,FO_DEL_16569,FlightNumber,UK,111,,,,
FO,DEL,FO_DEL_16569,FlightNumber,UK,111,,,,
FO,DEL,FO_DEL_16569,LifestyleType,Commuter,,,,,
FO,DEL,FO_DEL_16569,PreferredNightstop,SIN,,,,,
FO,DEL,FO_DEL_16570,LifestyleType,Evening Person,,,,,
FO,DEL,FO_DEL_16570,PreferredNightstop,DEL,,,,,
FO,DEL,FO_DEL_16571,LifestyleType,Nights At Home,,,,,
FO,DEL,FO_DEL_16571,PreferredNightstop,CCU,,,,,
FO,DEL,FO_DEL_16572,FlightNumber,UK,111,,,,
FO,DEL,FO_DEL_16572,FlightNumber,UK,105,,,,
FO,DEL,FO_DEL_16572,FlightNumber,UK,235,,,,
FO,DEL,FO_DEL_16572,LifestyleType,Commuter,,,,,
FO,DEL,FO_DEL_16656,LifestyleType,Evening Person,,,,,
FO,DEL,FO_DEL_16656,PreferredNightstop,BOM,,,,,
FO,DEL,FO_DEL_16657,FlightNumber,UK,111,,,,
FO,DEL,FO_DEL_16657,FlightNumber,UK,657,,,,
FO,DEL,FO_DEL_16657,FlightNumber,UK,121,,,,
FO,DEL,FO_DEL_16657,LifestyleType,Commuter,,,,,
FO,DEL,FO_DEL_16657,PreferredNightstop,BLR,,,,,
FO,DEL,FO_DEL_16658,LifestyleType,Evening Person,,,,,
FO,DEL,FO_DEL_16659,FlightNumber,UK,111,,,,
FO,DEL,FO_DEL_16659,FlightNumber,UK,115,,,,
FO,DEL,FO_DEL_16659,FlightNumber,UK,121,,,,
FO,DEL,FO_DEL_16659,LifestyleType,Commuter,,,,,
FO,DEL,FO_DEL_16659,PreferredNightstop,SIN,,,,,
FO,DEL,FO_DEL_16660,LifestyleType,Commuter,,,,,
FO,DEL,FO_DEL_16660,PreferredNightstop,HYD,,,,,
FO,DEL,FO_DEL_16661,FlightNumber,UK,121,,,,
FO,DEL,FO_DEL_16661,FlightNumber,UK,111,,,,
FO,DEL,FO_DEL_16662,LifestyleType,Evening Person,,,,,
FO,DEL,FO_DEL_16662,PreferredNightstop,BOM,,,,,
FO,DEL,FO_DEL_16663,FlightNumber,UK,115,,,,
FO,DEL,FO_DEL_16663,LifestyleType,Nights At Home,,,,,
FO,DEL,FO_DEL_16678,LifestyleType,Nights At Home,,,,,
FO,DEL,FO_DEL_16678,PreferredNightstop,DEL,,,,,
FO,DEL,FO_DEL_16699,LifestyleType,Evening Person,,,,,
FO,DEL,FO_DEL_16700,FlightNumber,UK,741,,,,
FO,DEL,FO_DEL_16700,LifestyleType,Nights At Home,,,,,
FO,DEL,FO_DEL_16754,FlightNumber,UK,121,,,,
FO,DEL,FO_DEL_16754,FlightNumber,UK,115,,,,
FO,DEL,FO_DEL_16754,LifestyleType,Nights At Home,,,,,
FO,DEL,FO_DEL_16754,PreferredNightstop,DEL,,,,,
FO,DEL,FO_DEL_16954,FlightNumber,UK,8401,,,,
FO,DEL,FO_DEL_16954,FlightNumber,UK,123,,,,
FO,DEL,FO_DEL_16954,LifestyleType,Commuter,,,,,
FO,DEL,FO_DEL_16954,PreferredNightstop,HYD,,,,,
FO,DEL,FO_DEL_16958,FlightNumber,UK,121,,,,
FO,DEL,FO_DEL_16958,FlightNumber,UK,115,,,,
FO,DEL,FO_DEL_16958,LifestyleType,Nights At Home,,,,,
FO,DEL,FO_DEL_16958,PreferredNightstop,BLR,,,,,
FO,DEL,FO_DEL_16965,LifestyleType,Nights At Home,,,,,
FO,DEL,FO_DEL_16965,PreferredNightstop,SIN,,,,,
FO,DEL,FO_DEL_17494,FlightNumber,UK,115,,,,
FO,DEL,FO_DEL_17494,LifestyleType,Commuter,,,,,
FO,DEL,FO_DEL_17494,PreferredNightstop,SIN,,,,,
FO,DEL,FO_DEL_17691,LifestyleType,Commuter,,,,,
FO,DEL,FO_DEL_17691,PreferredNightstop,DEL,,,,,
FO,DEL,FO_DEL_17693,LifestyleType,Commuter,,,,,
FO,DEL,FO_DEL_17706,LifestyleType,Evening Person,,,,,
FO,DEL,FO_DEL_17706,PreferredNightstop,BOM,,,,,
FO,DEL,FO_DEL_17712,FlightNumber,UK,105,,,,
FO,DEL,FO_DEL_17712,FlightNumber,UK,123,,,,
FO,DEL,FO_DEL_17712,FlightNumber,UK,235,,,,
FO,DEL,FO_DEL_17712,LifestyleType,Commuter,,,,,
FO,DEL,FO_DEL_17712,PreferredNightstop,BOM,,,,,
FO,DEL,FO_DEL_17862,LifestyleType,Commuter,,,,,
FO,DEL,FO_DEL_17894,LifestyleType,Nights At Home,,,,,
FO,DEL,FO_DEL_17894,PreferredNightstop,DEL,,,,,
FO,DEL,FO_DEL_18013,FlightNumber,UK,993,,,,
FO,DEL,FO_DEL_18013,LifestyleType,Nights At Home,,,,,
FO,DEL,FO_DEL_18013,PreferredNightstop,DEL,,,,,
FO,DEL,FO_DEL_18014,FlightNumber,UK,727,,,,
FO,DEL,FO_DEL_18014,FlightNumber,UK,727,,,,
FO,DEL,FO_DEL_18014,FlightNumber,UK,121,,,,
FO,DEL,FO_DEL_18014,LifestyleType,Evening Person,,,,,
FO,DEL,FO_DEL_18014,PreferredNightstop,CCU,,,,,
FO,DEL,FO_DEL_18015,LifestyleType,Nights At Home,,,,,
FO,DEL,FO_DEL_18015,PreferredNightstop,BOM,,,,,
FO,DEL,FO_DEL_18016,FlightNumber,UK,111,,,,
FO,DEL,FO_DEL_18016,FlightNumber,UK,111,,,,
FO,DEL,FO_DEL_18016,FlightNumber,UK,111,,,,
FO,DEL,FO_DEL_18016,LifestyleType,Nights At Home,,,,,
FO,DEL,FO_DEL_18016,PreferredNightstop,SIN,,,,,
FO,DEL,FO_DEL_18018,FlightNumber,UK,815,,,,
FO,DEL,FO_DEL_18018,FlightNumber,UK,815,,,,
FO,DEL,FO_DEL_18018,LifestyleType,Nights At Home,,,,,
FO,DEL,FO_DEL_18018,PreferredNightstop,BLR,,,,,
FO,DEL,FO_DEL_18019,FlightNumber,UK,935,,,,
FO,DEL,FO_DEL_18019,LifestyleType,Commuter,,,,,
FO,DEL,FO_DEL_18019,PreferredNightstop,BLR,,,,,
FO,DEL,FO_DEL_18022,FlightNumber,UK,111,,,,
FO,DEL,FO_DEL_18022,FlightNumber,UK,111,,,,
FO,DEL,FO_DEL_18022,LifestyleType,Nights At Home,,,,,
FO,DEL,FO_DEL_18022,PreferredNightstop,DEL,,,,,
FO,DEL,FO_DEL_18032,LifestyleType,Nights At Home,,,,,
FO,DEL,FO_DEL_18178,FlightNumber,UK,121,,,,
FO,DEL,FO_DEL_18178,LifestyleType,Evening Person,,,,,
FO,DEL,FO_DEL_18178,PreferredNightstop,DEL,,,,,
FO,DEL,FO_DEL_18179,FlightNumber,UK,121,,,,
FO,DEL,FO_DEL_18179,LifestyleType,Morning Person,,,,,
FO,DEL,FO_DEL_18179,PreferredNightstop,DEL,,,,,
FO,DEL,FO_DEL_18180,LifestyleType,Nights At Home,,,,,
FO,DEL,FO_DEL_18180,PreferredNightstop,DEL,,,,,
FO,DEL,FO_DEL_18181,LifestyleType,Nights At Home,,,,,
FO,DEL,FO_DEL_18181,PreferredNightstop,JED,,,,,
FO,DEL,FO_DEL_18182,LifestyleType,Nights At Home,,,,,
FO,DEL,FO_DEL_18182,PreferredNightstop,DEL,,,,,
FO,DEL,FO_DEL_18183,FlightNumber,UK,115,,,,
FO,DEL,FO_DEL_18183,LifestyleType,Evening Person,,,,,
FO,DEL,FO_DEL_18183,PreferredNightstop,BOM,,,,,
FO,DEL,FO_DEL_18184,LifestyleType,Nights At Home,,,,,
FO,DEL,FO_DEL_18184,PreferredNightstop,HYD,,,,,
FO,DEL,FO_DEL_18420,FlightNumber,UK,111,,,,
FO,DEL,FO_DEL_18420,FlightNumber,UK,111,,,,
FO,DEL,FO_DEL_18420,FlightNumber,UK,121,,,,
FO,DEL,FO_DEL_18420,LifestyleType,Commuter,,,,,
FO,DEL,FO_DEL_18420,PreferredNightstop,BOM,,,,,
FO,DEL,FO_DEL_18423,FlightNumber,UK,121,,,,
FO,DEL,FO_DEL_18423,FlightNumber,UK,935,,,,
FO,DEL,FO_DEL_18423,LifestyleType,Morning Person,,,,,
FO,DEL,FO_DEL_18423,PreferredNightstop,DEL,,,,,
FO,DEL,FO_DEL_18556,FlightNumber,UK,111,,,,
FO,DEL,FO_DEL_18556,FlightNumber,UK,819,,,,
FO,DEL,FO_DEL_18556,LifestyleType,Evening Person,,,,,
FO,DEL,FO_DEL_18556,PreferredNightstop,BLR,,,,,
FO,DEL,FO_DEL_18557,FlightNumber,UK,111,,,,
FO,DEL,FO_DEL_18557,FlightNumber,UK,115,,,,
FO,DEL,FO_DEL_18557,FlightNumber,UK,121,,,,
FO,DEL,FO_DEL_18557,LifestyleType,Nights At Home,,,,,
FO,DEL,FO_DEL_18557,PreferredNightstop,SIN,,,,,
FO,DEL,FO_DEL_18680,FlightNumber,UK,533,,,,
FO,DEL,FO_DEL_18680,FlightNumber,UK,115,,,,
FO,DEL,FO_DEL_18680,FlightNumber,UK,121,,,,
FO,DEL,FO_DEL_18680,LifestyleType,Commuter,,,,,
FO,DEL,FO_DEL_18680,PreferredNightstop,SIN,,,,,
FO,DEL,FO_DEL_18899,FlightNumber,UK,111,,,,
FO,DEL,FO_DEL_18899,LifestyleType,Nights At Home,,,,,
FO,DEL,FO_DEL_18899,PreferredNightstop,SIN,,,,,
FO,DEL,FO_DEL_18967,LifestyleType,Commuter,,,,,
FO,DEL,FO_DEL_18967,PreferredNightstop,BOM,,,,,
FO,DEL,FO_DEL_18970,LifestyleType,Commuter,,,,,
FO,DEL,FO_DEL_18970,PreferredNightstop,BOM,,,,,
FO,DEL,FO_DEL_18973,LifestyleType,Commuter,,,,,
FO,DEL,FO_DEL_18973,PreferredNightstop,BOM,,,,,
FO,DEL,FO_DEL_18977,LifestyleType,Nights At Home,,,,,
FO,DEL,FO_DEL_18977,PreferredNightstop,CCU,,,,,
FO,DEL,FO_DEL_18983,LifestyleType,Nights At Home,,,,,
FO,DEL,FO_DEL_18983,PreferredNightstop,HYD,,,,,
FO,DEL,FO_DEL_18993,LifestyleType,Nights At Home,,,,,
FO,DEL,FO_DEL_18993,PreferredNightstop,HYD,,,,,
FO,DEL,FO_DEL_18994,LifestyleType,Evening Person,,,,,
FO,DEL,FO_DEL_18994,PreferredNightstop,DEL,,,,,
FO,DEL,FO_DEL_19247,LifestyleType,Evening Person,,,,,
FO,DEL,FO_DEL_19247,PreferredNightstop,BLR,,,,,
FO,BOM,FO_BOM_11122,LifestyleType,Evening Person,,,,,
FO,BOM,FO_BOM_12789,FlightNumber,UK,105,,,,
FO,BOM,FO_BOM_12789,FlightNumber,UK,235,,,,
FO,BOM,FO_BOM_12789,FlightNumber,UK,241,,,,
FO,BOM,FO_BOM_12789,PreferredNightstop,MRU,,,,,
FO,BOM,FO_BOM_12839,FlightNumber,UK,123,,,,
FO,BOM,FO_BOM_12839,FlightNumber,UK,123,,,,
FO,BOM,FO_BOM_12839,FlightNumber,UK,123,,,,
FO,BOM,FO_BOM_12839,LifestyleType,Commuter,,,,,
FO,BOM,FO_BOM_12839,PreferredNightstop,BKK,,,,,
FO,BOM,FO_BOM_12943,FlightNumber,UK,123,,,,
FO,BOM,FO_BOM_12943,FlightNumber,UK,241,,,,
FO,BOM,FO_BOM_12943,LifestyleType,Commuter,,,,,
FO,BOM,FO_BOM_12945,FlightNumber,UK,235,,,,
FO,BOM,FO_BOM_12945,LifestyleType,Evening Person,,,,,
FO,BOM,FO_BOM_12945,PreferredNightstop,JED,,,,,
FO,BOM,FO_BOM_13200,FlightNumber,UK,123,,,,
FO,BOM,FO_BOM_13200,FlightNumber,UK,123,,,,
FO,BOM,FO_BOM_13200,FlightNumber,UK,235,,,,
FO,BOM,FO_BOM_13200,LifestyleType,Commuter,,,,,
FO,BOM,FO_BOM_13200,PreferredNightstop,JED,,,,,
FO,BOM,FO_BOM_13203,LifestyleType,Evening Person,,,,,
FO,BOM,FO_BOM_13549,FlightNumber,UK,105,,,,
FO,BOM,FO_BOM_13549,LifestyleType,Commuter,,,,,
FO,BOM,FO_BOM_13549,PreferredNightstop,SIN,,,,,
FO,BOM,FO_BOM_13873,FlightNumber,UK,123,,,,
FO,BOM,FO_BOM_13873,FlightNumber,UK,235,,,,
FO,BOM,FO_BOM_13873,LifestyleType,Evening Person,,,,,
FO,BOM,FO_BOM_13979,LifestyleType,Evening Person,,,,,
FO,BOM,FO_BOM_13979,PreferredNightstop,DEL,,,,,
FO,BOM,FO_BOM_13997,LifestyleType,Evening Person,,,,,
FO,BOM,FO_BOM_15077,FlightNumber,UK,241,,,,
FO,BOM,FO_BOM_15077,FlightNumber,UK,105,,,,
FO,BOM,FO_BOM_15077,FlightNumber,UK,123,,,,
FO,BOM,FO_BOM_15077,LifestyleType,Morning Person,,,,,
FO,BOM,FO_BOM_15077,PreferredNightstop,MRU,,,,,
FO,BOM,FO_BOM_16065,LifestyleType,Evening Person,,,,,
FO,BOM,FO_BOM_16065,PreferredNightstop,BKK,,,,,
FO,BOM,FO_BOM_16074,FlightNumber,UK,241,,,,
FO,BOM,FO_BOM_16074,FlightNumber,UK,241,,,,
FO,BOM,FO_BOM_16074,FlightNumber,UK,105,,,,
FO,BOM,FO_BOM_16074,LifestyleType,Commuter,,,,,
FO,BOM,FO_BOM_16074,PreferredNightstop,MRU,,,,,
FO,BOM,FO_BOM_16128,FlightNumber,UK,105,,,,
FO,BOM,FO_BOM_16128,FlightNumber,UK,123,,,,
FO,BOM,FO_BOM_16128,LifestyleType,Commuter,,,,,
FO,BOM,FO_BOM_16129,LifestyleType,Nights At Home,,,,,
FO,BOM,FO_BOM_16131,LifestyleType,Nights At Home,,,,,
FO,BOM,FO_BOM_16135,FlightNumber,UK,123,,,,
FO,BOM,FO_BOM_16135,FlightNumber,UK,105,,,,
FO,BOM,FO_BOM_16135,FlightNumber,UK,241,,,,
FO,BOM,FO_BOM_16135,LifestyleType,Commuter,,,,,
FO,BOM,FO_BOM_16135,PreferredNightstop,SIN,,,,,
FO,BOM,FO_BOM_16138,FlightNumber,UK,235,,,,
FO,BOM,FO_BOM_16138,FlightNumber,UK,123,,,,
FO,BOM,FO_BOM_16138,FlightNumber,UK,105,,,,
FO,BOM,FO_BOM_16138,LifestyleType,Commuter,,,,,
FO,BOM,FO_BOM_16139,FlightNumber,UK,105,,,,
FO,BOM,FO_BOM_16139,LifestyleType,Evening Person,,,,,
FO,BOM,FO_BOM_16139,PreferredNightstop,SIN,,,,,
FO,BOM,FO_BOM_16344,FlightNumber,UK,235,,,,
FO,BOM,FO_BOM_16344,FlightNumber,UK,235,,,,
FO,BOM,FO_BOM_16344,FlightNumber,UK,235,,,,
FO,BOM,FO_BOM_16344,LifestyleType,Evening Person,,,,,
FO,BOM,FO_BOM_16344,PreferredNightstop,SIN,,,,,
FO,BOM,FO_BOM_16347,FlightNumber,UK,123,,,,
FO,BOM,FO_BOM_16347,FlightNumber,UK,123,,,,
FO,BOM,FO_BOM_16347,FlightNumber,UK,123,,,,
FO,BOM,FO_BOM_16347,LifestyleType,Commuter,,,,,
FO,BOM,FO_BOM_16347,PreferredNightstop,JED,,,,,
FO,BOM,FO_BOM_16349,LifestyleType,Nights At Home,,,,,
FO,BOM,FO_BOM_16349,PreferredNightstop,JED,,,,,
FO,BOM,FO_BOM_16350,FlightNumber,UK,123,,,,
FO,BOM,FO_BOM_16350,FlightNumber,UK,123,,,,
FO,BOM,FO_BOM_16350,FlightNumber,UK,123,,,,
FO,BOM,FO_BOM_16350,LifestyleType,Nights At Home,,,,,
FO,BOM,FO_BOM_16350,PreferredNightstop,BLR,,,,,
FO,BOM,FO_BOM_16353,FlightNumber,UK,123,,,,
FO,BOM,FO_BOM_16353,LifestyleType,Commuter,,,,,
FO,BOM,FO_BOM_16353,PreferredNightstop,DEL,,,,,
FO,BOM,FO_BOM_16356,LifestyleType,Commuter,,,,,
FO,BOM,FO_BOM_16356,PreferredNightstop,BOM,,,,,
FO,BOM,FO_BOM_16435,LifestyleType,Commuter,,,,,
FO,BOM,FO_BOM_16435,PreferredNightstop,DEL,,,,,
FO,BOM,FO_BOM_16436,FlightNumber,UK,241,,,,
FO,BOM,FO_BOM_16436,FlightNumber,UK,235,,,,
FO,BOM,FO_BOM_16436,FlightNumber,UK,241,,,,
FO,BOM,FO_BOM_16436,LifestyleType,Commuter,,,,,
FO,BOM,FO_BOM_16436,PreferredNightstop,MRU,,,,,
FO,BOM,FO_BOM_16443,FlightNumber,UK,123,,,,
FO,BOM,FO_BOM_16443,FlightNumber,UK,241,,,,
FO,BOM,FO_BOM_16443,LifestyleType,Nights At Home,,,,,
FO,BOM,FO_BOM_16443,PreferredNightstop,BOM,,,,,
FO,BOM,FO_BOM_16565,FlightNumber,UK,123,,,,
FO,BOM,FO_BOM_16565,FlightNumber,UK,235,,,,
FO,BOM,FO_BOM_16565,FlightNumber,UK,105,,,,
FO,BOM,FO_BOM_16565,LifestyleType,Morning Person,,,,,
FO,BOM,FO_BOM_16565,PreferredNightstop,BKK,,,,,
FO,BOM,FO_BOM_16956,FlightNumber,UK,123,,,,
FO,BOM,FO_BOM_16956,LifestyleType,Nights At Home,,,,,
FO,BOM,FO_BOM_16956,PreferredNightstop,DEL,,,,,
FO,BOM,FO_BOM_16966,FlightNumber,UK,235,,,,
FO,BOM,FO_BOM_16966,FlightNumber,UK,105,,,,
FO,BOM,FO_BOM_16966,FlightNumber,UK,105,,,,
FO,BOM,FO_BOM_16966,LifestyleType,Nights At Home,,,,,
FO,BOM,FO_BOM_16966,PreferredNightstop,DMM,,,,,
FO,BOM,FO_BOM_18017,FlightNumber,UK,235,,,,
FO,BOM,FO_BOM_18017,FlightNumber,UK,105,,,,
FO,BOM,FO_BOM_18017,LifestyleType,Commuter,,,,,
FO,BOM,FO_BOM_18017,PreferredNightstop,SIN,,,,,
FO,BOM,FO_BOM_18176,LifestyleType,Nights At Home,,,,,
FO,BOM,FO_BOM_18176,PreferredNightstop,PNQ,,,,,
FO,BOM,FO_BOM_18575,LifestyleType,Evening Person,,,,,
FO,BOM,FO_BOM_18575,PreferredNightstop,SIN,,,,,
FO,BOM,FO_BOM_18691,FlightNumber,UK,255,,,,
FO,BOM,FO_BOM_18691,FlightNumber,UK,183,,,,
FO,BOM,FO_BOM_18691,FlightNumber,UK,105,,,,
FO,BOM,FO_BOM_18691,LifestyleType,Evening Person,,,,,
FO,BOM,FO_BOM_18691,PreferredNightstop,BOM,,,,,
,,,,,,Morning duty count,2517,2517,5034
,,,,,,Evening duty count,2220,2220,4440
,,,,,,Morning trip count,1029,1029,2058
,,,,,,Evening trip count,875,875,1750
,,,,,,Mixed trip count,604,604,1208
,,,,,,Turnaround trip count,1095,1095,2190
,,,,,,Layover trip count,1413,1413,2826
,,,,,,Morning Turnaround trip count,564,564,1128
,,,,,,Morning Layover trip count,465,465,930
,,,,,,Evening Turnaround trip count,531,531,1062
,,,,,,Evening Layover trip count,344,344,688
,,,,,, ,,,
